IF EXISTS(SELECT 1 FROM sys.tables WHERE object_id = OBJECT_ID('Catalog_Movie'))
BEGIN;
    DROP TABLE [Catalog_Movie];
END;
GO

CREATE TABLE [Catalog_Movie] (
    [catalog_ID] INTEGER NOT NULL,
    PRIMARY KEY ([catalog_ID])
	
);
GO

INSERT INTO Catalog_Movie(catalog_ID) values(1); 

select * from Catalog_Movie
----------------------

IF EXISTS(SELECT 1 FROM sys.tables WHERE object_id = OBJECT_ID('Movie'))
BEGIN;
    DROP TABLE [Movie];
END;
GO

CREATE TABLE [Movie] (
    [movie_ID] INTEGER NOT NULL,
    [category_ID] INTEGER not NULL,
    [catalog_ID] INTEGER not NULL FOREIGN KEY REFERENCES Catalog_Movie(catalog_ID),
    PRIMARY KEY ([movie_ID])
);
GO

INSERT INTO Movie([movie_ID],category_ID,catalog_ID) VALUES(1,20,1),(2,86,1),(3,78,1),(4,64,1),(5,18,1),(6,89,1),(7,74,1),(8,62,1),(9,65,1),(10,100,1);
INSERT INTO Movie([movie_ID],[category_id],[catalog_id]) VALUES(11,2,1),(12,71,1),(13,8,1),(14,93,1),(15,22,1),(16,17,1),(17,85,1),(18,23,1),(19,96,1),(20,15,1);
INSERT INTO Movie([movie_ID],[category_ID],[catalog_ID]) VALUES(21,8,1),(22,75,1),(23,6,1),(24,18,1),(25,37,1),(26,63,1),(27,46,1),(28,65,1),(29,52,1),(30,77,1);
INSERT INTO Movie([movie_ID],category_ID,[catalog_id]) VALUES(31,87,1),(32,81,1),(33,66,1),(34,69,1),(35,54,1),(36,68,1),(37,7,1),(38,79,1),(39,93,1),(40,2,1);
INSERT INTO Movie([movie_ID],category_ID,[catalog_id]) VALUES(41,19,1),(42,66,1),(43,19,1),(44,56,1),(45,82,1),(46,5,1),(47,47,1),(48,28,1),(49,26,1),(50,67,1);
INSERT INTO Movie([movie_ID],category_ID,[catalog_id]) VALUES(51,5,1),(52,84,1),(53,50,1),(54,5,1),(55,98,1),(56,43,1),(57,41,1),(58,76,1),(59,58,1),(60,98,1);
INSERT INTO Movie([movie_ID],category_ID,[catalog_id]) VALUES(61,84,1),(62,74,1),(63,50,1),(64,28,1),(65,1,1),(66,92,1),(67,87,1),(68,68,1),(69,85,1),(70,86,1);
INSERT INTO Movie([movie_ID],category_ID,[catalog_id]) VALUES(71,80,1),(72,88,1),(73,100,1),(74,93,1),(75,25,1),(76,88,1),(77,47,1),(78,84,1),(79,31,1),(80,81,1);
INSERT INTO Movie([movie_ID],category_ID,[catalog_id]) VALUES(81,25,1),(82,92,1),(83,57,1),(84,68,1),(85,79,1),(86,4,1),(87,7,1),(88,78,1),(89,56,1),(90,95,1);
INSERT INTO Movie([movie_ID],category_ID,[catalog_id]) VALUES(91,31,1),(92,90,1),(93,11,1),(94,81,1),(95,62,1),(96,84,1),(97,29,1),(98,63,1),(99,15,1),(100,70,1);

select * from Movie
-------------------------------------------------------------

IF EXISTS(SELECT 1 FROM sys.tables WHERE object_id = OBJECT_ID('Movie_Characteristics'))
BEGIN;
    DROP TABLE [Movie_Characteristics];
END;
GO

CREATE TABLE [Movie_Characteristics] (
    [characteristics_ID] INTEGER not null,
    [production_startday] DATE not null,
    [expected_days] INTEGER not NULL,
    [release_date] DATE null,
    [description] VARCHAR(MAX) not null,
	[status_flag] BIT NULL ,
	[delay_flag] BIT NULL,
    [original_language] VARCHAR(100) not NULL,
    PRIMARY KEY ([characteristics_ID]),
	FOREIGN KEY ([characteristics_ID]) REFERENCES MOVIE ([movie_ID])
);
GO

INSERT INTO Movie_Characteristics([characteristics_ID],[production_startday],[expected_days],[release_date],[description],[original_language]) VALUES(1,'2018/02/22',235,'2020/05/18','Fusce mollis. Duis sit amet diam eu dolor egestas rhoncus. Proin nisl sem, consequat nec, mollis vitae, posuere at, velit. Cras lorem lorem, luctus ut, pellentesque eget, dictum placerat, augue. Sed molestie. Sed id risus quis diam luctus lobortis. Class aptent taciti sociosqu ad litora torquent per conubia nostra, per inceptos hymenaeos. Mauris ut quam vel sapien imperdiet ornare. In faucibus. Morbi vehicula. Pellentesque tincidunt tempus risus. Donec egestas. Duis ac arcu. Nunc mauris. Morbi non sapien molestie orci tincidunt adipiscing. Mauris molestie pharetra nibh. Aliquam ornare, libero at auctor ullamcorper, nisl arcu iaculis enim, sit amet ornare lectus justo eu arcu. Morbi sit amet massa. Quisque porttitor eros nec tellus. Nunc lectus pede, ultrices a, auctor non, feugiat nec, diam. Duis mi enim, condimentum eget, volutpat ornare, facilisis eget, ipsum. Donec sollicitudin adipiscing ligula. Aenean gravida nunc sed pede. Cum sociis natoque penatibus et magnis dis parturient montes, nascetur ridiculus mus. Proin vel arcu eu odio tristique pharetra.','Polish'),(2,'2018/08/31',396,'2021/03/15','luctus aliquet odio. Etiam ligula tortor, dictum eu, placerat eget, venenatis a, magna.','Portuguese'),(3,'2018/06/13',242,'2021/12/10','Praesent luctus. Curabitur egestas nunc sed libero. Proin sed turpis nec mauris blandit mattis. Cras eget nisi dictum augue malesuada malesuada. Integer id magna et ipsum cursus vestibulum. Mauris magna. Duis dignissim tempor arcu. Vestibulum ut eros non enim commodo hendrerit. Donec porttitor tellus non magna. Nam ligula elit, pretium et, rutrum non, hendrerit id, ante. Nunc mauris sapien, cursus in, hendrerit consectetuer, cursus et, magna. Praesent interdum ligula eu enim. Etiam imperdiet dictum magna. Ut tincidunt orci quis lectus. Nullam suscipit, est ac facilisis facilisis, magna tellus faucibus leo, in lobortis','Russian'),(4,'2018/01/19',513,'2020/03/05','lorem, sit amet ultricies sem magna nec quam. Curabitur vel lectus. Cum sociis natoque penatibus et magnis dis parturient montes, nascetur ridiculus mus. Donec dignissim magna a tortor. Nunc commodo auctor velit. Aliquam nisl. Nulla eu neque pellentesque massa lobortis ultrices. Vivamus rhoncus. Donec est. Nunc ullamcorper, velit in aliquet lobortis, nisi nibh lacinia orci, consectetuer euismod est arcu ac orci. Ut semper pretium neque. Morbi quis urna. Nunc quis arcu vel quam dignissim pharetra. Nam ac nulla. In tincidunt congue turpis. In condimentum. Donec at arcu. Vestibulum ante ipsum primis in faucibus orci luctus et ultrices posuere cubilia Curae; Donec tincidunt. Donec vitae erat vel pede blandit congue. In scelerisque scelerisque dui. Suspendisse ac metus vitae velit egestas lacinia. Sed congue, elit sed consequat auctor, nunc nulla vulputate dui, nec tempus mauris erat eget ipsum. Suspendisse sagittis. Nullam vitae diam. Proin dolor. Nulla semper tellus id nunc interdum feugiat. Sed nec metus facilisis lorem tristique aliquet. Phasellus fermentum convallis ligula. Donec luctus aliquet odio. Etiam ligula tortor, dictum eu, placerat eget, venenatis a, magna. Lorem ipsum dolor sit amet, consectetuer adipiscing elit. Etiam laoreet, libero et tristique pellentesque, tellus sem mollis dui, in sodales','Hindi'),(5,'2018/10/06',38,'2019/11/05','euismod mauris eu elit. Nulla facilisi. Sed neque. Sed eget lacus. Mauris non dui nec urna suscipit nonummy. Fusce fermentum fermentum arcu. Vestibulum ante ipsum primis in faucibus orci luctus et ultrices posuere cubilia Curae; Phasellus ornare. Fusce mollis. Duis sit amet diam eu dolor egestas rhoncus. Proin nisl sem, consequat nec, mollis vitae, posuere at, velit. Cras lorem lorem, luctus ut, pellentesque eget, dictum placerat, augue. Sed molestie. Sed id risus quis diam luctus','Russian'),(6,'2018/10/25',326,'2019/11/11','in consectetuer ipsum nunc id enim. Curabitur massa. Vestibulum accumsan neque et nunc. Quisque ornare tortor at risus. Nunc ac sem ut dolor dapibus gravida. Aliquam tincidunt, nunc ac mattis ornare, lectus ante dictum mi, ac mattis velit justo nec ante. Maecenas mi felis, adipiscing fringilla, porttitor vulputate, posuere vulputate, lacus. Cras interdum. Nunc sollicitudin commodo ipsum. Suspendisse non leo. Vivamus nibh dolor, nonummy ac, feugiat non, lobortis quis, pede. Suspendisse dui. Fusce diam nunc, ullamcorper eu, euismod ac, fermentum vel, mauris. Integer sem elit, pharetra ut, pharetra sed, hendrerit a, arcu. Sed et libero. Proin mi.','Chinese'),(7,'2018/08/25',278,'2021/08/19','a ultricies adipiscing, enim mi tempor lorem, eget mollis lectus pede et risus. Quisque libero lacus, varius et, euismod et, commodo at, libero. Morbi accumsan laoreet ipsum. Curabitur consequat, lectus sit amet luctus vulputate, nisi sem semper erat, in consectetuer ipsum nunc id enim. Curabitur massa. Vestibulum accumsan neque et nunc. Quisque ornare tortor at risus. Nunc ac sem ut dolor dapibus gravida. Aliquam tincidunt, nunc ac mattis ornare, lectus ante dictum mi, ac mattis velit justo nec ante. Maecenas mi felis, adipiscing fringilla, porttitor vulputate, posuere vulputate, lacus. Cras interdum. Nunc sollicitudin commodo ipsum. Suspendisse non leo. Vivamus nibh dolor, nonummy ac, feugiat non, lobortis quis, pede. Suspendisse dui.','German'),(8,'2018/08/05',697,'2021/07/07','rhoncus id, mollis nec, cursus a, enim. Suspendisse aliquet, sem ut cursus luctus, ipsum leo elementum sem, vitae aliquam eros turpis non enim. Mauris quis turpis vitae purus gravida sagittis. Duis gravida. Praesent eu nulla at sem molestie sodales. Mauris blandit enim consequat purus. Maecenas libero est, congue a, aliquet vel, vulputate eu, odio.','Arabic'),(9,'2018/11/26',344,'2019/01/15','iaculis quis, pede. Praesent eu dui. Cum sociis natoque penatibus et magnis dis parturient montes, nascetur ridiculus mus. Aenean eget magna. Suspendisse tristique neque venenatis lacus. Etiam bibendum fermentum metus. Aenean sed pede nec ante blandit viverra. Donec tempus, lorem fringilla ornare placerat, orci lacus vestibulum lorem, sit amet ultricies sem magna nec quam. Curabitur vel lectus. Cum sociis natoque penatibus et magnis dis parturient montes, nascetur ridiculus mus. Donec dignissim magna a tortor. Nunc commodo auctor velit. Aliquam nisl. Nulla eu neque pellentesque massa lobortis ultrices. Vivamus rhoncus. Donec est. Nunc ullamcorper, velit in aliquet lobortis, nisi nibh lacinia orci, consectetuer euismod est arcu ac orci. Ut semper pretium neque. Morbi quis urna. Nunc quis arcu vel quam dignissim pharetra. Nam ac nulla. In tincidunt congue turpis. In condimentum. Donec at arcu. Vestibulum ante ipsum primis in faucibus orci luctus et ultrices posuere cubilia Curae; Donec tincidunt. Donec vitae erat vel pede blandit congue. In scelerisque scelerisque dui. Suspendisse ac metus','French'),(10,'2018/01/28',215,'2019/09/11','porttitor scelerisque neque. Nullam nisl. Maecenas malesuada fringilla est. Mauris eu turpis. Nulla aliquet. Proin velit. Sed malesuada augue ut lacus. Nulla tincidunt, neque vitae semper egestas, urna justo faucibus lectus, a sollicitudin orci sem eget massa. Suspendisse eleifend. Cras sed leo. Cras vehicula aliquet libero. Integer in magna. Phasellus dolor elit, pellentesque a, facilisis non, bibendum sed, est. Nunc laoreet lectus quis massa. Mauris vestibulum, neque sed dictum eleifend, nunc risus varius orci, in consequat enim diam vel arcu. Curabitur ut odio vel est tempor bibendum. Donec felis orci, adipiscing non, luctus sit amet, faucibus ut, nulla. Cras eu tellus eu augue porttitor interdum. Sed auctor odio a purus. Duis elementum, dui quis accumsan convallis, ante lectus convallis est, vitae sodales nisi magna sed dui. Fusce aliquam, enim nec tempus scelerisque, lorem ipsum sodales purus, in molestie tortor nibh sit amet orci. Ut sagittis lobortis mauris. Suspendisse aliquet molestie tellus. Aenean egestas hendrerit neque. In ornare sagittis felis. Donec tempor, est ac mattis semper, dui lectus rutrum urna, nec luctus felis purus ac tellus. Suspendisse sed dolor. Fusce mi lorem, vehicula et, rutrum eu,','English');
INSERT INTO Movie_Characteristics([characteristics_ID],[production_startday],[expected_days],[release_date],[description],[original_language]) VALUES(11,'2018/08/02',438,'2021/09/02','semper rutrum. Fusce dolor quam, elementum at, egestas a, scelerisque sed, sapien. Nunc pulvinar arcu et pede. Nunc sed orci lobortis augue scelerisque mollis. Phasellus libero mauris, aliquam eu, accumsan sed, facilisis vitae, orci. Phasellus dapibus quam quis diam. Pellentesque habitant morbi tristique senectus et netus et malesuada fames ac turpis egestas. Fusce aliquet magna a neque. Nullam ut nisi a odio semper cursus. Integer mollis. Integer tincidunt aliquam arcu. Aliquam ultrices iaculis odio. Nam interdum enim non nisi. Aenean eget metus. In nec orci. Donec nibh. Quisque nonummy ipsum non arcu. Vivamus sit amet risus. Donec egestas. Aliquam nec enim. Nunc ut erat. Sed nunc est, mollis non, cursus non, egestas a, dui. Cras pellentesque. Sed dictum. Proin eget odio. Aliquam vulputate ullamcorper magna. Sed eu eros. Nam consequat dolor vitae dolor. Donec fringilla. Donec feugiat metus sit amet ante. Vivamus non lorem vitae odio sagittis semper. Nam tempor diam dictum sapien. Aenean massa. Integer vitae nibh. Donec est mauris, rhoncus id, mollis nec, cursus a, enim. Suspendisse aliquet, sem ut cursus luctus, ipsum leo elementum sem, vitae aliquam eros turpis non enim. Mauris quis turpis vitae purus gravida','Kannada'),(12,'2018/09/04',684,'2020/11/17','ante ipsum primis in faucibus orci luctus et ultrices posuere cubilia Curae; Phasellus ornare. Fusce mollis. Duis sit amet diam eu dolor egestas rhoncus. Proin nisl sem, consequat nec, mollis vitae, posuere at, velit. Cras lorem lorem, luctus ut, pellentesque eget, dictum placerat, augue. Sed molestie. Sed id risus quis diam luctus lobortis. Class aptent taciti sociosqu ad litora torquent per conubia nostra, per inceptos hymenaeos. Mauris ut quam vel sapien imperdiet ornare. In faucibus. Morbi vehicula. Pellentesque tincidunt tempus risus. Donec egestas. Duis ac arcu. Nunc mauris. Morbi non sapien molestie orci tincidunt adipiscing. Mauris molestie pharetra nibh. Aliquam ornare, libero at auctor ullamcorper, nisl arcu iaculis enim,','French'),(13,'2018/05/21',528,'2021/05/29','et magnis dis parturient montes, nascetur ridiculus mus. Aenean eget magna. Suspendisse tristique neque venenatis lacus. Etiam bibendum fermentum metus. Aenean sed pede nec ante blandit viverra. Donec tempus, lorem fringilla ornare placerat, orci lacus vestibulum lorem, sit amet ultricies sem magna nec quam. Curabitur vel lectus. Cum sociis natoque penatibus et magnis dis parturient montes, nascetur ridiculus mus. Donec dignissim magna a tortor. Nunc commodo auctor velit. Aliquam nisl. Nulla eu neque pellentesque massa lobortis ultrices. Vivamus rhoncus. Donec est. Nunc ullamcorper, velit in aliquet lobortis, nisi nibh lacinia orci, consectetuer euismod est arcu ac','Kannada'),(14,'2018/03/25',310,'2019/03/03','penatibus et magnis dis parturient montes, nascetur ridiculus mus. Proin vel nisl. Quisque fringilla euismod enim. Etiam gravida molestie arcu. Sed eu nibh vulputate mauris sagittis placerat. Cras dictum ultricies ligula. Nullam enim. Sed nulla ante, iaculis nec, eleifend non, dapibus rutrum, justo. Praesent luctus. Curabitur egestas nunc sed libero. Proin sed turpis nec mauris blandit mattis. Cras eget nisi dictum augue malesuada malesuada. Integer id magna et ipsum cursus vestibulum. Mauris magna. Duis dignissim tempor arcu. Vestibulum ut eros','English'),(15,'2018/03/19',562,'2021/04/12','Morbi sit amet massa. Quisque porttitor eros nec tellus. Nunc lectus pede, ultrices a, auctor non, feugiat nec, diam. Duis mi enim, condimentum eget, volutpat ornare, facilisis eget, ipsum. Donec sollicitudin adipiscing ligula. Aenean gravida nunc sed pede. Cum sociis natoque penatibus et magnis dis parturient montes, nascetur ridiculus mus. Proin vel arcu eu odio tristique pharetra. Quisque ac libero nec ligula consectetuer rhoncus. Nullam velit dui, semper et, lacinia vitae, sodales at, velit. Pellentesque ultricies dignissim lacus. Aliquam rutrum lorem ac risus. Morbi metus. Vivamus euismod urna. Nullam lobortis quam a felis ullamcorper','Hindi'),(16,'2018/08/05',117,'2019/11/20','In condimentum. Donec at arcu.','Dutch'),(17,'2018/09/22',621,'2021/03/28','justo. Proin non massa non ante bibendum ullamcorper. Duis cursus, diam at pretium aliquet, metus urna convallis erat, eget tincidunt dui augue eu tellus. Phasellus elit pede, malesuada vel, venenatis vel, faucibus id, libero. Donec consectetuer mauris id sapien. Cras dolor dolor, tempus non, lacinia at, iaculis quis, pede. Praesent eu dui. Cum sociis natoque penatibus et magnis dis parturient montes, nascetur ridiculus mus. Aenean eget magna. Suspendisse tristique neque venenatis lacus. Etiam bibendum fermentum metus. Aenean sed pede nec ante blandit viverra. Donec tempus, lorem fringilla ornare placerat, orci lacus vestibulum lorem, sit amet ultricies sem magna nec quam. Curabitur vel lectus. Cum sociis natoque penatibus et magnis dis parturient montes, nascetur ridiculus mus. Donec dignissim magna a tortor. Nunc commodo auctor velit. Aliquam nisl. Nulla eu neque pellentesque massa lobortis ultrices. Vivamus rhoncus. Donec est. Nunc ullamcorper, velit in aliquet lobortis, nisi nibh lacinia orci, consectetuer','Kannada'),(18,'2018/10/27',80,'2020/01/09','ac ipsum. Phasellus vitae mauris sit amet lorem semper auctor. Mauris vel turpis. Aliquam adipiscing lobortis risus. In mi pede, nonummy ut, molestie in, tempus eu, ligula. Aenean euismod mauris eu elit. Nulla facilisi. Sed neque. Sed eget lacus. Mauris non dui nec urna suscipit nonummy. Fusce fermentum fermentum arcu. Vestibulum ante ipsum primis in faucibus orci luctus et ultrices posuere cubilia Curae; Phasellus ornare. Fusce mollis. Duis sit amet diam eu dolor egestas rhoncus. Proin nisl sem, consequat nec, mollis vitae, posuere at, velit. Cras lorem lorem, luctus ut, pellentesque eget, dictum placerat, augue. Sed molestie. Sed id risus quis diam luctus lobortis. Class aptent taciti sociosqu','Hindi'),(19,'2018/10/05',506,'2021/03/15','rhoncus. Donec est. Nunc ullamcorper, velit in aliquet lobortis, nisi nibh lacinia orci, consectetuer euismod est arcu ac orci. Ut semper pretium neque. Morbi quis urna. Nunc quis arcu vel quam dignissim pharetra.','Hindi'),(20,'2018/01/05',140,'2019/06/03','scelerisque neque sed sem egestas blandit. Nam nulla magna, malesuada vel, convallis in, cursus et, eros. Proin ultrices. Duis volutpat nunc sit amet metus. Aliquam erat volutpat. Nulla facilisis. Suspendisse commodo tincidunt nibh. Phasellus nulla. Integer vulputate, risus a ultricies adipiscing, enim mi tempor lorem, eget mollis lectus pede et risus. Quisque libero lacus, varius et, euismod et, commodo at, libero. Morbi accumsan laoreet ipsum. Curabitur consequat, lectus sit amet luctus vulputate, nisi sem semper erat, in consectetuer ipsum nunc id enim. Curabitur','Japanese');
INSERT INTO Movie_Characteristics([characteristics_ID],[production_startday],[expected_days],[release_date],[description],[original_language]) VALUES(21,'2018/12/13',251,'2019/08/27','a, auctor non, feugiat nec, diam. Duis mi enim, condimentum eget, volutpat ornare, facilisis eget, ipsum. Donec sollicitudin adipiscing ligula. Aenean gravida nunc sed pede. Cum sociis natoque penatibus et magnis dis parturient montes, nascetur ridiculus mus. Proin vel arcu eu odio tristique pharetra. Quisque ac libero nec ligula consectetuer rhoncus. Nullam velit dui, semper et, lacinia vitae, sodales at, velit. Pellentesque ultricies dignissim lacus. Aliquam rutrum lorem ac risus. Morbi metus. Vivamus euismod urna. Nullam lobortis quam a felis ullamcorper viverra. Maecenas iaculis aliquet diam. Sed diam lorem, auctor quis, tristique ac, eleifend vitae, erat. Vivamus nisi. Mauris nulla. Integer urna. Vivamus molestie dapibus ligula. Aliquam erat volutpat. Nulla dignissim. Maecenas ornare egestas ligula. Nullam feugiat placerat velit. Quisque varius. Nam porttitor scelerisque neque. Nullam nisl. Maecenas malesuada fringilla est. Mauris eu turpis. Nulla aliquet. Proin velit. Sed malesuada augue ut lacus. Nulla tincidunt, neque vitae semper egestas, urna justo faucibus lectus, a sollicitudin orci sem eget massa. Suspendisse eleifend. Cras sed leo. Cras vehicula aliquet libero. Integer in magna. Phasellus dolor elit,','Chinese'),(22,'2018/02/07',525,'2020/06/02','ornare. Fusce mollis. Duis sit amet diam eu dolor egestas rhoncus. Proin nisl sem, consequat nec, mollis vitae, posuere at, velit. Cras lorem lorem, luctus ut, pellentesque eget, dictum placerat, augue. Sed molestie. Sed id risus quis diam luctus lobortis. Class aptent taciti sociosqu ad litora torquent per conubia nostra, per inceptos hymenaeos. Mauris ut quam vel sapien imperdiet ornare. In faucibus. Morbi vehicula. Pellentesque tincidunt tempus risus. Donec egestas. Duis ac arcu. Nunc mauris. Morbi non sapien molestie orci tincidunt adipiscing. Mauris molestie pharetra nibh. Aliquam ornare, libero at auctor ullamcorper, nisl arcu iaculis enim, sit amet ornare lectus justo eu arcu. Morbi sit amet massa. Quisque porttitor eros nec tellus. Nunc lectus pede, ultrices a, auctor non, feugiat nec, diam. Duis mi enim, condimentum eget, volutpat ornare, facilisis eget, ipsum. Donec sollicitudin adipiscing ligula. Aenean gravida nunc sed pede. Cum sociis','German'),(23,'2018/12/17',57,'2021/06/24','egestas. Sed pharetra, felis eget varius ultrices, mauris ipsum porta elit, a feugiat tellus lorem eu metus. In lorem. Donec elementum, lorem ut aliquam iaculis, lacus pede sagittis augue, eu tempor erat neque non quam. Pellentesque habitant morbi tristique senectus et netus et malesuada fames ac turpis egestas. Aliquam fringilla cursus purus. Nullam scelerisque neque','German'),(24,'2018/06/01',492,'2019/08/12','et netus et malesuada fames ac turpis egestas. Aliquam fringilla cursus purus. Nullam scelerisque neque sed sem egestas blandit. Nam nulla magna, malesuada vel, convallis in, cursus et, eros. Proin ultrices. Duis volutpat nunc sit amet metus. Aliquam erat volutpat. Nulla facilisis. Suspendisse commodo tincidunt nibh. Phasellus nulla. Integer vulputate, risus a ultricies adipiscing, enim mi tempor lorem, eget mollis lectus pede et risus. Quisque libero lacus, varius et, euismod et, commodo at, libero. Morbi accumsan laoreet ipsum. Curabitur consequat, lectus sit amet luctus vulputate, nisi sem semper erat, in consectetuer ipsum nunc id enim. Curabitur massa. Vestibulum accumsan neque et nunc. Quisque ornare tortor at risus. Nunc ac sem ut dolor dapibus gravida. Aliquam tincidunt, nunc ac mattis ornare, lectus ante dictum mi, ac mattis velit justo nec ante. Maecenas mi felis, adipiscing fringilla, porttitor vulputate, posuere vulputate, lacus. Cras interdum. Nunc sollicitudin commodo ipsum. Suspendisse non leo. Vivamus nibh dolor, nonummy ac, feugiat non, lobortis quis, pede. Suspendisse dui. Fusce diam nunc, ullamcorper eu, euismod ac, fermentum vel, mauris.','Dutch'),(25,'2018/11/19',663,'2020/11/20','nibh dolor, nonummy ac, feugiat non, lobortis quis, pede. Suspendisse dui. Fusce diam nunc, ullamcorper eu, euismod ac, fermentum vel, mauris. Integer sem elit, pharetra ut, pharetra sed, hendrerit a, arcu. Sed et libero. Proin mi. Aliquam gravida mauris ut mi. Duis risus odio, auctor vitae, aliquet nec, imperdiet nec, leo. Morbi neque','Dutch'),(26,'2018/12/26',163,'2019/06/04','quis, pede. Praesent eu dui. Cum sociis natoque penatibus et magnis dis parturient montes, nascetur ridiculus mus. Aenean eget magna. Suspendisse tristique neque venenatis lacus. Etiam bibendum fermentum metus. Aenean sed pede nec ante blandit viverra. Donec tempus, lorem fringilla ornare placerat, orci lacus vestibulum lorem, sit amet ultricies sem magna nec quam. Curabitur vel lectus. Cum sociis natoque penatibus et magnis dis parturient montes, nascetur ridiculus mus. Donec dignissim magna a tortor. Nunc commodo auctor velit. Aliquam nisl. Nulla eu neque pellentesque massa lobortis ultrices. Vivamus rhoncus. Donec est. Nunc ullamcorper, velit in aliquet lobortis, nisi nibh lacinia orci, consectetuer euismod est arcu ac orci. Ut semper pretium neque. Morbi quis urna. Nunc quis arcu vel quam dignissim pharetra. Nam ac nulla. In tincidunt congue turpis. In condimentum. Donec at arcu. Vestibulum ante ipsum primis in faucibus orci luctus et ultrices posuere cubilia Curae; Donec tincidunt. Donec vitae erat vel pede blandit congue. In scelerisque scelerisque dui. Suspendisse ac metus vitae velit egestas lacinia. Sed congue, elit sed consequat auctor, nunc nulla vulputate dui, nec tempus','Arabic'),(27,'2018/08/13',126,'2021/04/07','diam eu dolor egestas rhoncus. Proin nisl sem, consequat nec, mollis vitae, posuere at, velit. Cras lorem lorem, luctus ut, pellentesque eget, dictum placerat, augue. Sed molestie. Sed id risus quis diam luctus lobortis. Class aptent taciti sociosqu ad litora torquent per conubia nostra, per inceptos hymenaeos. Mauris ut quam vel sapien imperdiet ornare. In faucibus. Morbi vehicula. Pellentesque tincidunt tempus risus. Donec egestas. Duis ac arcu. Nunc mauris. Morbi non sapien molestie orci tincidunt adipiscing. Mauris molestie pharetra nibh. Aliquam ornare, libero at auctor ullamcorper, nisl arcu iaculis enim, sit amet ornare lectus justo eu arcu. Morbi sit amet massa. Quisque porttitor eros nec tellus. Nunc lectus pede, ultrices a, auctor non, feugiat nec, diam. Duis mi enim, condimentum eget, volutpat ornare, facilisis eget, ipsum. Donec sollicitudin','Hindi'),(28,'2018/08/31',555,'2020/12/23','pellentesque eget, dictum placerat, augue. Sed molestie. Sed id risus quis diam luctus lobortis. Class aptent taciti sociosqu ad litora torquent per conubia nostra, per inceptos hymenaeos. Mauris ut quam vel sapien imperdiet ornare. In faucibus. Morbi vehicula. Pellentesque tincidunt tempus risus. Donec egestas. Duis ac arcu. Nunc mauris. Morbi non sapien molestie orci tincidunt adipiscing. Mauris molestie pharetra nibh. Aliquam ornare, libero at auctor ullamcorper, nisl arcu iaculis enim, sit amet ornare lectus justo eu arcu. Morbi sit amet massa. Quisque porttitor eros nec tellus. Nunc lectus pede, ultrices a, auctor non, feugiat nec, diam. Duis mi enim, condimentum eget, volutpat ornare, facilisis eget, ipsum. Donec','Polish'),(29,'2018/06/13',68,'2022/04/10','diam vel arcu. Curabitur ut odio vel est tempor bibendum. Donec felis orci, adipiscing non, luctus sit amet, faucibus ut, nulla. Cras eu tellus eu augue porttitor interdum. Sed auctor odio a purus. Duis elementum, dui quis accumsan convallis, ante lectus convallis est, vitae sodales nisi magna sed dui. Fusce aliquam, enim nec tempus scelerisque, lorem ipsum sodales purus, in molestie tortor nibh sit amet orci. Ut sagittis lobortis mauris. Suspendisse aliquet molestie tellus. Aenean egestas hendrerit neque. In ornare sagittis felis. Donec tempor, est ac mattis semper, dui lectus rutrum urna, nec luctus felis purus ac tellus. Suspendisse sed dolor. Fusce mi lorem, vehicula et, rutrum eu, ultrices sit amet, risus. Donec nibh enim, gravida sit amet, dapibus id, blandit at, nisi. Cum sociis natoque penatibus et magnis dis parturient montes, nascetur ridiculus mus. Proin vel nisl. Quisque fringilla euismod enim. Etiam gravida molestie arcu. Sed eu nibh vulputate mauris sagittis placerat. Cras dictum ultricies','Chinese'),(30,'2018/03/29',685,'2020/06/19','cursus purus. Nullam scelerisque neque sed sem egestas blandit. Nam nulla magna, malesuada vel, convallis in, cursus et, eros. Proin ultrices. Duis volutpat nunc sit amet metus. Aliquam erat volutpat. Nulla facilisis. Suspendisse commodo tincidunt nibh. Phasellus nulla. Integer vulputate, risus a ultricies adipiscing, enim mi tempor lorem, eget mollis lectus pede et risus. Quisque libero lacus, varius et, euismod et, commodo at, libero. Morbi accumsan laoreet ipsum. Curabitur consequat, lectus sit amet luctus vulputate, nisi sem semper erat, in consectetuer ipsum nunc id enim. Curabitur massa. Vestibulum accumsan neque et nunc. Quisque ornare tortor at risus. Nunc ac sem ut dolor dapibus gravida. Aliquam tincidunt, nunc ac mattis ornare, lectus ante dictum mi, ac mattis velit justo nec ante. Maecenas mi felis, adipiscing fringilla, porttitor vulputate, posuere vulputate, lacus. Cras interdum. Nunc sollicitudin commodo ipsum. Suspendisse non leo. Vivamus nibh dolor, nonummy ac, feugiat non, lobortis quis, pede. Suspendisse dui. Fusce diam nunc, ullamcorper eu, euismod ac, fermentum vel, mauris. Integer sem elit, pharetra ut, pharetra sed, hendrerit a, arcu. Sed et libero. Proin mi. Aliquam gravida mauris ut mi. Duis','English');
INSERT INTO Movie_Characteristics([characteristics_ID],[production_startday],[expected_days],[release_date],[description],[original_language]) VALUES(31,'2018/03/03',150,'2021/04/11','torquent per conubia nostra, per inceptos hymenaeos. Mauris ut quam vel sapien imperdiet ornare. In faucibus. Morbi vehicula. Pellentesque tincidunt tempus risus. Donec egestas. Duis ac arcu. Nunc','English'),(32,'2018/09/10',135,'2020/11/07','in, cursus et, eros. Proin ultrices. Duis volutpat nunc sit amet metus. Aliquam erat volutpat. Nulla facilisis. Suspendisse commodo tincidunt nibh. Phasellus nulla. Integer vulputate, risus a ultricies adipiscing, enim mi tempor lorem,','Russian'),(33,'2018/04/21',523,'2020/11/09','at pretium aliquet, metus urna convallis erat, eget tincidunt dui augue eu tellus. Phasellus elit pede, malesuada vel, venenatis vel, faucibus id, libero. Donec consectetuer mauris id sapien. Cras dolor dolor, tempus non, lacinia at, iaculis quis, pede. Praesent eu dui. Cum sociis natoque penatibus et magnis dis parturient montes, nascetur ridiculus mus. Aenean eget magna. Suspendisse tristique neque venenatis lacus. Etiam bibendum','Arabic'),(34,'2018/11/07',99,'2019/08/16','et, rutrum non, hendrerit id, ante. Nunc mauris sapien, cursus in, hendrerit consectetuer, cursus et, magna. Praesent interdum ligula eu enim. Etiam imperdiet dictum magna. Ut tincidunt orci quis lectus. Nullam suscipit, est ac facilisis facilisis, magna tellus faucibus leo, in lobortis tellus justo sit amet nulla. Donec non justo. Proin non massa non ante bibendum ullamcorper. Duis cursus, diam at pretium aliquet, metus urna convallis erat, eget tincidunt dui augue eu tellus. Phasellus elit pede, malesuada vel, venenatis vel, faucibus id, libero. Donec consectetuer mauris id sapien. Cras dolor dolor, tempus non, lacinia at, iaculis quis, pede. Praesent eu dui. Cum sociis natoque penatibus','Russian'),(35,'2018/05/13',605,'2021/12/20','vel nisl. Quisque fringilla euismod enim. Etiam gravida molestie arcu. Sed eu nibh vulputate mauris sagittis placerat. Cras dictum ultricies ligula. Nullam enim. Sed nulla ante, iaculis nec, eleifend non, dapibus rutrum, justo. Praesent luctus. Curabitur egestas nunc sed libero. Proin sed turpis nec mauris blandit mattis. Cras eget nisi dictum augue malesuada malesuada. Integer id magna et ipsum cursus vestibulum. Mauris magna. Duis dignissim tempor arcu. Vestibulum','Dutch'),(36,'2018/05/08',161,'2021/01/26','urna et arcu imperdiet ullamcorper. Duis at lacus. Quisque purus sapien, gravida non, sollicitudin a, malesuada id, erat. Etiam vestibulum massa rutrum magna. Cras convallis convallis dolor. Quisque tincidunt pede ac urna. Ut tincidunt vehicula risus. Nulla eget metus','Hindi'),(37,'2018/06/17',151,'2019/09/07','magna. Lorem ipsum dolor sit amet, consectetuer adipiscing elit. Etiam laoreet, libero et tristique pellentesque, tellus sem mollis dui, in sodales elit erat vitae risus. Duis a mi fringilla mi lacinia mattis. Integer eu lacus. Quisque imperdiet, erat nonummy ultricies ornare, elit elit fermentum risus, at fringilla purus mauris a nunc. In at pede. Cras vulputate velit eu sem. Pellentesque ut ipsum ac mi eleifend egestas. Sed pharetra, felis eget varius ultrices,','Chinese'),(38,'2018/01/06',223,'2019/01/24','at fringilla purus mauris a nunc. In at pede. Cras vulputate velit eu sem. Pellentesque ut ipsum ac mi eleifend egestas. Sed pharetra, felis eget varius ultrices, mauris ipsum porta elit, a feugiat tellus lorem eu metus. In lorem. Donec elementum, lorem ut aliquam iaculis, lacus pede sagittis augue, eu tempor erat neque non','Arabic'),(39,'2018/05/02',35,'2019/01/23','Nunc commodo auctor velit. Aliquam nisl. Nulla eu neque pellentesque','Russian'),(40,'2018/06/01',518,'2020/08/26','metus sit amet ante. Vivamus non lorem vitae odio sagittis semper. Nam tempor diam dictum sapien. Aenean massa. Integer vitae nibh. Donec est mauris, rhoncus id, mollis nec, cursus a, enim. Suspendisse aliquet, sem ut cursus luctus, ipsum leo elementum sem, vitae aliquam eros turpis non enim. Mauris quis turpis vitae purus gravida sagittis. Duis gravida. Praesent eu nulla at sem molestie sodales. Mauris blandit enim consequat purus. Maecenas libero est, congue a, aliquet vel, vulputate eu, odio. Phasellus at augue id ante','Kannada');
INSERT INTO Movie_Characteristics([characteristics_ID],[production_startday],[expected_days],[release_date],[description],[original_language]) VALUES(41,'2018/11/25',661,'2019/12/02','rutrum. Fusce dolor quam, elementum at, egestas a, scelerisque sed, sapien. Nunc pulvinar arcu et pede. Nunc sed orci lobortis augue scelerisque mollis. Phasellus libero mauris, aliquam eu, accumsan sed, facilisis vitae, orci. Phasellus dapibus quam quis diam. Pellentesque habitant morbi tristique senectus et netus et malesuada fames ac turpis egestas. Fusce aliquet magna a neque. Nullam ut nisi a odio semper cursus. Integer mollis. Integer tincidunt aliquam arcu. Aliquam ultrices iaculis odio. Nam interdum enim non nisi. Aenean eget metus. In nec orci. Donec nibh. Quisque nonummy ipsum non arcu. Vivamus sit amet risus. Donec egestas. Aliquam nec enim. Nunc ut erat. Sed nunc est, mollis non, cursus non, egestas a, dui. Cras pellentesque. Sed dictum. Proin eget odio. Aliquam vulputate ullamcorper magna. Sed eu eros. Nam consequat dolor vitae dolor. Donec fringilla. Donec feugiat metus sit amet ante. Vivamus non lorem vitae odio sagittis semper. Nam tempor diam dictum sapien. Aenean massa. Integer vitae nibh. Donec est mauris, rhoncus id, mollis nec, cursus a, enim. Suspendisse aliquet, sem ut cursus luctus, ipsum leo elementum sem, vitae aliquam','Spanish'),(42,'2018/06/14',315,'2020/02/23','faucibus orci luctus et ultrices posuere cubilia Curae; Phasellus ornare. Fusce mollis.','Russian'),(43,'2018/07/25',334,'2021/05/10','Duis cursus, diam at pretium aliquet, metus urna convallis erat, eget tincidunt dui augue eu tellus. Phasellus elit pede, malesuada vel, venenatis vel, faucibus id, libero. Donec consectetuer mauris id sapien. Cras dolor dolor, tempus non, lacinia at, iaculis quis, pede. Praesent eu dui. Cum sociis natoque penatibus et magnis dis parturient montes, nascetur ridiculus mus. Aenean eget magna. Suspendisse tristique neque venenatis lacus. Etiam bibendum fermentum metus. Aenean sed pede nec ante blandit viverra. Donec tempus, lorem fringilla ornare placerat, orci lacus vestibulum lorem, sit amet ultricies sem magna nec quam. Curabitur vel lectus. Cum sociis natoque penatibus et magnis dis parturient montes, nascetur ridiculus mus. Donec dignissim magna a tortor. Nunc commodo auctor velit. Aliquam nisl. Nulla eu neque pellentesque massa lobortis ultrices. Vivamus rhoncus. Donec est. Nunc ullamcorper, velit in aliquet lobortis, nisi nibh lacinia orci, consectetuer euismod est arcu ac orci. Ut semper pretium neque. Morbi quis urna. Nunc quis arcu vel quam dignissim pharetra. Nam ac nulla. In tincidunt congue turpis. In condimentum. Donec at arcu. Vestibulum ante ipsum primis in faucibus orci luctus et ultrices posuere cubilia Curae; Donec tincidunt. Donec vitae erat vel pede blandit congue. In','Dutch'),(44,'2018/02/24',498,'2020/12/30','diam at pretium aliquet, metus urna convallis erat, eget tincidunt dui augue eu tellus. Phasellus elit pede, malesuada vel, venenatis vel, faucibus id, libero. Donec consectetuer mauris id sapien. Cras dolor dolor, tempus non, lacinia at, iaculis quis, pede. Praesent eu dui. Cum sociis natoque penatibus et magnis dis parturient montes, nascetur ridiculus mus. Aenean eget magna. Suspendisse tristique neque venenatis lacus. Etiam bibendum fermentum metus. Aenean','Japanese'),(45,'2018/05/01',183,'2021/04/04','fringilla, porttitor vulputate, posuere vulputate, lacus. Cras interdum. Nunc sollicitudin commodo ipsum. Suspendisse non leo. Vivamus nibh dolor, nonummy ac, feugiat non, lobortis quis, pede. Suspendisse dui. Fusce diam nunc, ullamcorper eu, euismod ac, fermentum vel, mauris. Integer sem elit, pharetra ut,','English'),(46,'2018/07/12',680,'2020/09/27','odio semper cursus. Integer mollis. Integer tincidunt aliquam arcu. Aliquam ultrices iaculis odio. Nam interdum enim non nisi. Aenean eget metus. In nec orci. Donec nibh. Quisque nonummy ipsum non arcu. Vivamus sit amet risus. Donec egestas. Aliquam nec enim. Nunc ut erat. Sed nunc est, mollis non,','Kannada'),(47,'2018/06/19',631,'2021/03/24','elit, pellentesque a, facilisis non, bibendum sed, est. Nunc laoreet lectus quis massa. Mauris vestibulum, neque sed','Dutch'),(48,'2018/11/27',566,'2021/02/01','lacinia vitae, sodales at, velit. Pellentesque ultricies dignissim lacus. Aliquam rutrum lorem ac risus. Morbi metus. Vivamus euismod urna. Nullam lobortis quam a felis ullamcorper viverra. Maecenas iaculis aliquet diam. Sed diam lorem, auctor quis, tristique ac, eleifend vitae, erat. Vivamus nisi. Mauris nulla. Integer urna. Vivamus molestie dapibus ligula. Aliquam erat volutpat.','English'),(49,'2018/10/29',388,'2019/03/27','rutrum urna, nec luctus felis purus ac tellus. Suspendisse sed dolor. Fusce mi lorem, vehicula et, rutrum eu, ultrices sit amet, risus. Donec nibh enim, gravida sit amet, dapibus id, blandit at, nisi. Cum sociis natoque penatibus et magnis dis parturient montes, nascetur ridiculus mus. Proin vel nisl. Quisque fringilla euismod enim. Etiam gravida molestie arcu. Sed eu nibh vulputate mauris sagittis placerat. Cras dictum ultricies ligula. Nullam enim. Sed nulla ante, iaculis nec, eleifend non, dapibus rutrum, justo. Praesent luctus. Curabitur egestas nunc sed libero. Proin sed turpis nec mauris blandit mattis. Cras eget nisi dictum augue malesuada malesuada. Integer id magna et ipsum cursus vestibulum. Mauris magna. Duis dignissim tempor arcu. Vestibulum ut eros non enim commodo hendrerit. Donec porttitor tellus non magna. Nam ligula elit, pretium et, rutrum non, hendrerit id, ante. Nunc mauris sapien, cursus in, hendrerit consectetuer, cursus et, magna. Praesent interdum ligula eu enim. Etiam imperdiet dictum magna. Ut tincidunt orci quis lectus. Nullam suscipit, est ac facilisis facilisis, magna tellus faucibus leo, in lobortis tellus justo sit','Arabic'),(50,'2018/10/25',483,'2021/05/24','pede. Nunc sed orci lobortis augue scelerisque mollis. Phasellus libero mauris, aliquam eu, accumsan sed, facilisis vitae, orci. Phasellus dapibus quam quis diam. Pellentesque habitant morbi tristique senectus et netus et malesuada fames ac turpis egestas. Fusce aliquet magna a neque. Nullam ut nisi a odio semper cursus. Integer','Portuguese');
INSERT INTO Movie_Characteristics([characteristics_ID],[production_startday],[expected_days],[release_date],[description],[original_language]) VALUES(51,'2018/05/11',178,'2019/09/03','diam. Proin dolor. Nulla semper tellus id nunc interdum feugiat. Sed nec metus facilisis lorem tristique aliquet. Phasellus fermentum convallis ligula. Donec luctus aliquet odio. Etiam ligula tortor, dictum eu, placerat eget, venenatis a, magna. Lorem ipsum dolor sit amet, consectetuer adipiscing elit. Etiam laoreet, libero et tristique pellentesque, tellus sem mollis dui, in sodales elit erat vitae risus. Duis a mi fringilla mi lacinia mattis. Integer','Dutch'),(52,'2018/04/22',195,'2021/01/08','lorem, eget mollis lectus pede et risus. Quisque libero lacus, varius et, euismod et, commodo at, libero. Morbi accumsan laoreet','Dutch'),(53,'2018/07/30',47,'2019/12/01','iaculis, lacus pede sagittis augue, eu tempor erat neque non quam. Pellentesque habitant morbi tristique senectus et netus et malesuada fames ac turpis egestas. Aliquam fringilla cursus purus. Nullam scelerisque neque sed sem egestas blandit. Nam nulla magna, malesuada vel, convallis in, cursus et, eros. Proin ultrices. Duis volutpat nunc sit','Chinese'),(54,'2018/12/04',434,'2020/02/15','lacus. Quisque purus sapien, gravida non, sollicitudin a, malesuada id, erat. Etiam vestibulum massa rutrum magna. Cras convallis convallis dolor. Quisque tincidunt pede ac urna. Ut tincidunt vehicula risus. Nulla eget metus eu erat semper rutrum. Fusce dolor quam, elementum at, egestas a, scelerisque sed, sapien. Nunc pulvinar arcu et pede. Nunc sed orci lobortis augue scelerisque mollis. Phasellus libero mauris, aliquam eu, accumsan sed, facilisis vitae, orci. Phasellus dapibus quam quis diam. Pellentesque habitant morbi tristique senectus et netus et malesuada fames ac turpis egestas. Fusce aliquet magna a neque. Nullam ut nisi a','Japanese'),(55,'2018/07/22',379,'2021/11/08','iaculis aliquet diam. Sed diam lorem, auctor quis, tristique ac, eleifend vitae, erat. Vivamus nisi. Mauris nulla. Integer urna. Vivamus molestie dapibus ligula. Aliquam erat volutpat. Nulla dignissim. Maecenas ornare egestas ligula. Nullam feugiat placerat velit. Quisque varius. Nam porttitor scelerisque neque. Nullam nisl. Maecenas malesuada fringilla est. Mauris eu turpis. Nulla aliquet. Proin velit. Sed malesuada augue ut lacus. Nulla tincidunt, neque vitae semper egestas, urna justo faucibus lectus, a sollicitudin orci sem eget massa. Suspendisse eleifend. Cras sed leo. Cras vehicula aliquet libero. Integer in magna. Phasellus dolor elit, pellentesque a, facilisis non, bibendum sed, est. Nunc laoreet lectus quis massa. Mauris vestibulum, neque sed dictum eleifend, nunc risus varius orci, in consequat enim','German'),(56,'2018/12/21',531,'2020/06/26','lobortis mauris. Suspendisse aliquet molestie tellus. Aenean egestas hendrerit neque. In ornare sagittis felis. Donec tempor, est ac mattis semper, dui lectus rutrum urna, nec luctus felis purus ac tellus. Suspendisse sed dolor. Fusce mi lorem, vehicula','French'),(57,'2018/05/12',536,'2019/02/02','leo elementum sem, vitae aliquam eros turpis non enim. Mauris','Spanish'),(58,'2018/08/02',389,'2020/09/02','aptent taciti sociosqu ad litora torquent per conubia nostra, per inceptos hymenaeos. Mauris ut quam vel sapien imperdiet ornare. In faucibus. Morbi vehicula. Pellentesque tincidunt tempus risus. Donec egestas. Duis ac arcu. Nunc mauris. Morbi non sapien molestie orci tincidunt adipiscing. Mauris molestie pharetra nibh. Aliquam ornare, libero at auctor ullamcorper, nisl arcu iaculis enim, sit amet ornare lectus justo eu arcu. Morbi sit amet massa. Quisque porttitor eros nec tellus. Nunc lectus pede, ultrices a, auctor non, feugiat nec, diam. Duis mi enim, condimentum eget, volutpat ornare, facilisis eget, ipsum. Donec sollicitudin adipiscing ligula. Aenean gravida nunc sed pede. Cum sociis natoque penatibus et magnis dis parturient montes, nascetur ridiculus mus. Proin vel arcu eu odio tristique pharetra. Quisque ac libero nec ligula consectetuer rhoncus. Nullam velit dui, semper et, lacinia vitae, sodales at, velit. Pellentesque ultricies dignissim lacus. Aliquam rutrum lorem ac risus. Morbi metus. Vivamus euismod urna. Nullam lobortis quam a felis ullamcorper viverra. Maecenas iaculis aliquet diam. Sed diam lorem, auctor quis, tristique ac, eleifend vitae, erat. Vivamus nisi. Mauris nulla. Integer urna. Vivamus molestie dapibus ligula. Aliquam erat','English'),(59,'2018/07/03',527,'2020/09/08','per inceptos hymenaeos. Mauris ut quam vel sapien imperdiet ornare. In faucibus. Morbi vehicula. Pellentesque tincidunt tempus risus. Donec egestas. Duis ac arcu. Nunc mauris. Morbi non sapien molestie orci tincidunt adipiscing. Mauris molestie pharetra nibh. Aliquam ornare, libero at auctor ullamcorper, nisl arcu iaculis enim, sit amet ornare lectus justo eu arcu. Morbi sit amet massa. Quisque porttitor eros nec tellus. Nunc lectus pede, ultrices a, auctor non, feugiat nec, diam. Duis mi enim, condimentum eget, volutpat ornare, facilisis eget, ipsum. Donec sollicitudin adipiscing ligula. Aenean gravida nunc sed pede. Cum sociis natoque penatibus et magnis dis parturient montes, nascetur ridiculus mus. Proin vel arcu eu odio tristique pharetra. Quisque ac libero nec ligula','Arabic'),(60,'2018/04/10',143,'2019/03/23','justo sit amet nulla. Donec non justo. Proin non massa non ante bibendum ullamcorper. Duis cursus, diam at pretium aliquet, metus urna convallis erat, eget tincidunt dui augue eu tellus. Phasellus elit pede, malesuada vel, venenatis vel, faucibus id, libero. Donec consectetuer mauris id','Polish');
INSERT INTO Movie_Characteristics([characteristics_ID],[production_startday],[expected_days],[release_date],[description],[original_language]) VALUES(61,'2018/02/02',239,'2021/06/26','nunc interdum feugiat. Sed nec metus facilisis lorem tristique aliquet. Phasellus fermentum convallis ligula. Donec luctus aliquet odio. Etiam ligula tortor, dictum eu, placerat eget, venenatis a, magna. Lorem ipsum dolor sit amet, consectetuer adipiscing elit. Etiam laoreet, libero et tristique pellentesque, tellus sem mollis dui, in sodales elit erat vitae risus. Duis a mi fringilla mi lacinia mattis. Integer eu lacus. Quisque imperdiet, erat nonummy ultricies ornare, elit elit fermentum risus, at fringilla purus mauris a nunc. In at pede. Cras vulputate velit eu sem. Pellentesque ut ipsum ac mi eleifend egestas. Sed pharetra, felis eget varius ultrices, mauris ipsum porta elit, a feugiat tellus lorem eu metus. In lorem. Donec elementum, lorem ut aliquam iaculis, lacus pede sagittis augue, eu tempor erat neque non quam. Pellentesque habitant morbi tristique senectus et netus et malesuada fames ac turpis egestas. Aliquam fringilla cursus purus. Nullam scelerisque neque sed sem egestas blandit. Nam nulla magna, malesuada vel, convallis in, cursus et, eros. Proin ultrices. Duis volutpat nunc sit amet metus. Aliquam erat volutpat. Nulla facilisis. Suspendisse commodo tincidunt nibh. Phasellus nulla. Integer vulputate, risus a ultricies adipiscing, enim mi tempor lorem, eget mollis lectus','Arabic'),(62,'2018/03/15',590,'2019/03/08','Vestibulum ut eros non enim commodo hendrerit. Donec porttitor tellus non magna. Nam ligula elit, pretium et, rutrum non, hendrerit id, ante. Nunc mauris sapien, cursus in, hendrerit consectetuer, cursus et, magna. Praesent interdum ligula eu enim. Etiam imperdiet dictum magna. Ut tincidunt orci quis lectus. Nullam suscipit, est ac facilisis facilisis, magna tellus faucibus leo, in lobortis tellus justo sit amet nulla. Donec non justo. Proin non massa non ante bibendum ullamcorper. Duis cursus, diam at pretium aliquet, metus urna convallis erat, eget tincidunt dui augue eu tellus. Phasellus elit pede, malesuada vel, venenatis vel, faucibus id, libero. Donec consectetuer mauris id sapien. Cras dolor dolor, tempus non, lacinia at, iaculis quis, pede. Praesent','German'),(63,'2018/12/18',275,'2021/12/26','massa. Suspendisse eleifend. Cras sed leo. Cras vehicula aliquet libero. Integer in magna. Phasellus dolor elit, pellentesque a, facilisis non, bibendum sed, est. Nunc laoreet lectus quis massa. Mauris vestibulum, neque sed dictum eleifend, nunc risus varius orci, in consequat enim diam vel arcu. Curabitur ut odio vel est tempor bibendum. Donec felis orci, adipiscing non, luctus sit amet, faucibus ut, nulla. Cras eu tellus eu augue porttitor interdum. Sed auctor odio a purus. Duis elementum, dui quis accumsan convallis, ante lectus convallis est, vitae sodales nisi magna sed dui. Fusce aliquam, enim nec tempus scelerisque, lorem ipsum sodales purus, in molestie tortor nibh sit amet orci. Ut sagittis lobortis mauris. Suspendisse aliquet molestie tellus. Aenean egestas hendrerit neque. In ornare sagittis felis. Donec tempor, est ac mattis semper, dui lectus rutrum urna, nec luctus felis purus ac tellus. Suspendisse sed dolor. Fusce mi lorem, vehicula et, rutrum eu, ultrices sit amet, risus. Donec nibh enim, gravida sit amet, dapibus id, blandit at, nisi. Cum sociis natoque penatibus et magnis dis parturient','Chinese'),(64,'2018/03/12',528,'2021/06/24','Donec non justo. Proin non massa non ante bibendum ullamcorper. Duis cursus, diam at pretium aliquet, metus urna convallis erat, eget tincidunt dui augue eu tellus. Phasellus elit pede, malesuada vel, venenatis vel, faucibus id, libero. Donec consectetuer mauris id sapien. Cras dolor dolor, tempus non, lacinia at, iaculis quis, pede. Praesent eu dui. Cum sociis natoque penatibus et magnis dis parturient montes, nascetur ridiculus mus. Aenean eget magna. Suspendisse tristique neque venenatis lacus. Etiam bibendum fermentum metus. Aenean sed pede nec ante blandit viverra. Donec tempus, lorem fringilla ornare placerat, orci lacus vestibulum lorem, sit amet ultricies sem magna nec quam. Curabitur vel lectus. Cum sociis natoque penatibus et magnis dis parturient montes, nascetur','French'),(65,'2018/06/18',568,'2019/05/19','sagittis. Nullam vitae diam. Proin dolor. Nulla semper tellus id nunc interdum feugiat. Sed nec metus facilisis lorem tristique aliquet. Phasellus fermentum convallis ligula. Donec luctus aliquet odio. Etiam ligula tortor, dictum eu, placerat eget, venenatis a, magna. Lorem ipsum dolor','German'),(66,'2018/11/17',149,'2022/04/06','a sollicitudin orci sem eget massa. Suspendisse eleifend. Cras sed leo. Cras vehicula aliquet libero. Integer in magna. Phasellus dolor elit, pellentesque a, facilisis non, bibendum sed, est. Nunc laoreet lectus quis massa. Mauris vestibulum, neque sed dictum eleifend, nunc risus varius orci,','Dutch'),(67,'2018/05/13',266,'2019/09/17','dapibus rutrum, justo. Praesent luctus. Curabitur egestas nunc sed libero. Proin sed turpis nec mauris blandit mattis. Cras eget nisi dictum augue malesuada malesuada. Integer id magna et ipsum cursus vestibulum. Mauris magna. Duis dignissim tempor arcu. Vestibulum ut eros non enim commodo hendrerit. Donec porttitor tellus non magna. Nam ligula elit, pretium et, rutrum non, hendrerit id, ante. Nunc mauris sapien, cursus in, hendrerit consectetuer, cursus et, magna. Praesent interdum ligula eu enim. Etiam imperdiet dictum magna. Ut tincidunt orci quis lectus. Nullam suscipit, est ac facilisis facilisis, magna tellus faucibus leo, in lobortis tellus justo sit amet nulla. Donec non justo. Proin non massa non ante bibendum ullamcorper. Duis cursus, diam at pretium aliquet, metus urna convallis erat, eget tincidunt dui augue eu tellus. Phasellus elit pede, malesuada vel, venenatis vel, faucibus id, libero. Donec consectetuer mauris id sapien. Cras dolor dolor, tempus non, lacinia at, iaculis quis, pede. Praesent eu dui. Cum sociis natoque penatibus et magnis dis parturient montes, nascetur ridiculus mus. Aenean eget magna. Suspendisse tristique neque venenatis lacus. Etiam bibendum fermentum metus. Aenean sed pede nec ante blandit viverra. Donec tempus, lorem fringilla ornare placerat, orci','Japanese'),(68,'2018/05/15',460,'2020/04/02','tempor diam dictum sapien. Aenean massa. Integer vitae nibh. Donec est mauris, rhoncus id, mollis nec, cursus a, enim. Suspendisse aliquet, sem ut cursus luctus, ipsum leo elementum sem, vitae aliquam eros turpis non enim. Mauris quis turpis vitae purus gravida sagittis. Duis gravida. Praesent eu nulla at sem molestie sodales. Mauris blandit enim consequat purus. Maecenas libero est, congue a, aliquet vel, vulputate eu, odio. Phasellus at augue id ante dictum cursus. Nunc mauris elit, dictum eu, eleifend nec, malesuada ut, sem. Nulla interdum. Curabitur dictum. Phasellus in','Japanese'),(69,'2018/04/08',304,'2020/07/21','tortor nibh sit amet orci. Ut sagittis lobortis mauris. Suspendisse aliquet molestie','Russian'),(70,'2018/03/31',409,'2021/12/31','senectus et netus et malesuada fames ac turpis egestas. Aliquam fringilla cursus purus. Nullam scelerisque neque sed sem egestas blandit. Nam nulla magna, malesuada vel, convallis in, cursus et, eros. Proin ultrices. Duis volutpat nunc sit amet metus. Aliquam erat volutpat. Nulla facilisis. Suspendisse commodo tincidunt nibh. Phasellus nulla. Integer vulputate, risus a ultricies adipiscing, enim mi tempor lorem, eget mollis lectus pede et risus. Quisque libero lacus, varius et, euismod et, commodo at, libero. Morbi accumsan laoreet ipsum. Curabitur consequat, lectus sit amet luctus vulputate, nisi sem semper erat, in consectetuer ipsum nunc id enim. Curabitur massa. Vestibulum accumsan neque et nunc. Quisque ornare tortor at risus. Nunc ac sem ut dolor dapibus gravida. Aliquam tincidunt, nunc ac mattis ornare, lectus ante dictum mi, ac mattis velit justo nec ante. Maecenas mi felis, adipiscing fringilla, porttitor vulputate, posuere vulputate, lacus. Cras interdum. Nunc sollicitudin commodo ipsum. Suspendisse non leo. Vivamus nibh dolor, nonummy ac, feugiat non, lobortis quis, pede. Suspendisse dui. Fusce diam nunc, ullamcorper eu, euismod ac, fermentum vel, mauris. Integer sem elit, pharetra ut, pharetra sed, hendrerit a,','Polish');
INSERT INTO Movie_Characteristics([characteristics_ID],[production_startday],[expected_days],[release_date],[description],[original_language]) VALUES(71,'2018/01/16',593,'2019/07/16','Nunc lectus pede, ultrices','French'),(72,'2018/02/07',319,'2022/06/01','Nunc commodo auctor velit. Aliquam nisl. Nulla eu neque pellentesque massa lobortis ultrices. Vivamus rhoncus. Donec est. Nunc ullamcorper, velit in aliquet lobortis, nisi nibh lacinia orci, consectetuer euismod est arcu ac orci. Ut semper pretium neque. Morbi quis urna. Nunc quis arcu vel quam dignissim pharetra. Nam ac nulla. In tincidunt congue turpis. In condimentum. Donec at arcu. Vestibulum ante ipsum primis in faucibus orci luctus et ultrices posuere cubilia Curae; Donec tincidunt. Donec vitae erat vel pede blandit congue. In scelerisque scelerisque dui. Suspendisse ac metus vitae velit egestas lacinia. Sed congue, elit sed consequat auctor, nunc nulla vulputate dui, nec tempus mauris erat eget ipsum. Suspendisse sagittis. Nullam vitae diam. Proin dolor. Nulla semper tellus id nunc interdum feugiat. Sed nec metus facilisis lorem tristique aliquet. Phasellus fermentum convallis ligula. Donec luctus aliquet odio. Etiam ligula tortor, dictum eu, placerat eget, venenatis a, magna. Lorem ipsum dolor sit amet, consectetuer adipiscing elit. Etiam laoreet, libero et tristique pellentesque, tellus sem mollis dui, in sodales elit erat vitae risus. Duis a mi fringilla','German'),(73,'2018/07/10',79,'2020/11/29','sollicitudin orci sem eget massa. Suspendisse eleifend. Cras sed leo. Cras vehicula aliquet libero. Integer in magna. Phasellus dolor elit, pellentesque a, facilisis non, bibendum sed, est. Nunc laoreet lectus quis massa. Mauris vestibulum, neque sed dictum eleifend, nunc risus varius orci, in consequat enim diam vel arcu. Curabitur ut odio vel est tempor bibendum. Donec felis orci, adipiscing non, luctus sit amet, faucibus ut, nulla. Cras eu tellus eu augue porttitor interdum. Sed auctor odio a purus. Duis elementum, dui quis accumsan convallis, ante lectus convallis est, vitae sodales nisi magna sed dui. Fusce aliquam, enim nec tempus scelerisque, lorem ipsum sodales purus, in molestie tortor nibh sit amet orci. Ut sagittis lobortis mauris. Suspendisse aliquet molestie tellus. Aenean egestas hendrerit neque. In ornare sagittis felis. Donec tempor, est ac mattis semper, dui lectus rutrum urna, nec luctus felis purus ac tellus.','French'),(74,'2018/09/26',641,'2020/10/22','Aenean eget magna. Suspendisse tristique neque venenatis lacus. Etiam bibendum fermentum metus. Aenean sed pede nec ante blandit viverra. Donec tempus, lorem fringilla ornare placerat, orci lacus vestibulum lorem, sit amet ultricies sem magna nec quam. Curabitur vel lectus. Cum sociis natoque penatibus et magnis dis parturient montes, nascetur ridiculus mus. Donec dignissim magna a tortor. Nunc commodo auctor velit. Aliquam nisl. Nulla','English'),(75,'2018/06/14',511,'2021/07/05','eu lacus. Quisque imperdiet, erat nonummy ultricies ornare, elit elit fermentum risus, at fringilla purus mauris a nunc. In at pede. Cras vulputate velit eu sem. Pellentesque ut ipsum ac mi eleifend egestas. Sed pharetra, felis eget varius ultrices, mauris ipsum porta elit, a feugiat tellus lorem eu metus. In lorem. Donec elementum,','German'),(76,'2018/06/10',501,'2021/09/16','eu neque pellentesque massa lobortis ultrices. Vivamus rhoncus. Donec est. Nunc ullamcorper, velit in aliquet lobortis, nisi nibh lacinia orci, consectetuer euismod est arcu ac orci. Ut semper pretium neque. Morbi quis urna. Nunc quis arcu vel quam dignissim pharetra. Nam ac nulla. In tincidunt congue turpis. In condimentum. Donec at arcu. Vestibulum ante ipsum primis in faucibus orci luctus et ultrices posuere cubilia Curae; Donec tincidunt. Donec','Dutch'),(77,'2018/07/08',364,'2019/08/24','massa non ante bibendum ullamcorper. Duis cursus, diam at pretium aliquet, metus urna convallis erat, eget tincidunt dui augue eu tellus. Phasellus elit pede, malesuada vel, venenatis vel, faucibus id, libero. Donec','Dutch'),(78,'2018/12/21',427,'2020/05/07','risus. Donec egestas. Aliquam nec enim. Nunc ut erat. Sed nunc est, mollis non, cursus non, egestas a, dui. Cras pellentesque. Sed dictum. Proin','Chinese'),(79,'2018/06/28',462,'2022/05/19','quis turpis vitae purus gravida sagittis. Duis gravida. Praesent eu nulla at sem molestie sodales. Mauris blandit enim consequat purus. Maecenas libero est, congue a, aliquet vel, vulputate eu, odio. Phasellus at augue id ante dictum cursus. Nunc mauris elit, dictum eu, eleifend nec, malesuada ut, sem. Nulla interdum. Curabitur dictum. Phasellus in felis. Nulla tempor augue ac ipsum. Phasellus vitae mauris sit amet lorem semper auctor. Mauris vel turpis. Aliquam adipiscing lobortis risus. In mi pede, nonummy ut, molestie in, tempus eu, ligula. Aenean euismod mauris eu elit. Nulla facilisi. Sed neque. Sed eget lacus. Mauris non dui nec urna suscipit nonummy. Fusce fermentum fermentum arcu. Vestibulum ante ipsum primis in faucibus orci luctus et ultrices posuere cubilia Curae; Phasellus ornare. Fusce mollis. Duis sit amet diam eu dolor egestas rhoncus. Proin nisl sem, consequat nec, mollis vitae, posuere at, velit. Cras lorem lorem, luctus ut, pellentesque eget, dictum placerat, augue. Sed molestie. Sed id risus quis diam luctus lobortis. Class aptent taciti sociosqu ad litora torquent per conubia nostra, per inceptos hymenaeos. Mauris ut quam vel sapien imperdiet ornare. In faucibus. Morbi vehicula.','German'),(80,'2018/11/15',333,'2021/04/14','faucibus orci luctus et ultrices posuere cubilia Curae; Donec tincidunt. Donec vitae erat vel pede blandit congue. In scelerisque scelerisque dui. Suspendisse ac metus vitae velit egestas lacinia. Sed congue, elit sed consequat auctor, nunc nulla vulputate dui, nec tempus mauris erat eget ipsum. Suspendisse sagittis. Nullam vitae diam. Proin','French');
INSERT INTO Movie_Characteristics([characteristics_ID],[production_startday],[expected_days],[release_date],[description],[original_language]) VALUES(81,'2018/04/30',388,'2021/04/28','purus sapien, gravida non, sollicitudin a, malesuada id, erat. Etiam vestibulum massa rutrum magna. Cras','Arabic'),(82,'2018/02/11',679,'2019/12/23','consectetuer, cursus et, magna. Praesent interdum ligula eu enim. Etiam imperdiet dictum magna. Ut tincidunt orci quis lectus. Nullam suscipit, est ac facilisis facilisis, magna tellus faucibus leo, in lobortis tellus justo sit amet nulla. Donec non justo. Proin non massa non ante bibendum ullamcorper. Duis cursus, diam at pretium aliquet, metus urna convallis erat, eget tincidunt dui augue eu tellus. Phasellus elit pede, malesuada vel, venenatis vel, faucibus id, libero. Donec consectetuer mauris id sapien. Cras dolor dolor, tempus non, lacinia at, iaculis quis, pede. Praesent eu dui. Cum sociis natoque penatibus et magnis dis parturient montes, nascetur ridiculus mus. Aenean eget magna. Suspendisse tristique neque venenatis lacus. Etiam bibendum fermentum metus. Aenean sed pede nec ante blandit viverra. Donec tempus, lorem fringilla ornare placerat, orci lacus vestibulum lorem, sit amet ultricies sem magna nec quam. Curabitur vel lectus. Cum sociis natoque penatibus et magnis dis parturient montes, nascetur ridiculus mus. Donec dignissim magna','Spanish'),(83,'2018/07/11',656,'2019/02/23','non justo. Proin non massa non ante bibendum ullamcorper. Duis cursus, diam at pretium aliquet, metus urna convallis erat, eget tincidunt dui augue eu tellus. Phasellus elit pede, malesuada vel, venenatis vel, faucibus id, libero. Donec consectetuer mauris id sapien. Cras dolor dolor, tempus non, lacinia at, iaculis quis, pede. Praesent eu dui. Cum sociis','Spanish'),(84,'2018/04/21',109,'2021/08/19','dictum. Proin eget odio. Aliquam vulputate ullamcorper magna. Sed eu eros. Nam consequat dolor vitae dolor. Donec fringilla. Donec feugiat metus sit amet ante. Vivamus non lorem vitae odio sagittis semper. Nam tempor diam dictum sapien. Aenean massa. Integer vitae nibh. Donec est mauris, rhoncus id, mollis nec, cursus a, enim. Suspendisse aliquet, sem ut cursus luctus, ipsum leo elementum sem, vitae aliquam eros turpis non enim. Mauris quis turpis vitae purus gravida sagittis. Duis gravida. Praesent eu nulla at sem molestie sodales. Mauris blandit enim consequat purus. Maecenas libero est, congue a, aliquet vel, vulputate eu, odio. Phasellus at augue id ante dictum cursus. Nunc mauris elit, dictum eu, eleifend nec, malesuada ut, sem. Nulla interdum. Curabitur dictum. Phasellus in felis. Nulla tempor augue ac ipsum. Phasellus vitae mauris sit amet lorem semper auctor. Mauris vel turpis. Aliquam adipiscing lobortis risus. In mi pede, nonummy ut, molestie in, tempus eu, ligula. Aenean euismod mauris eu elit. Nulla facilisi. Sed neque. Sed eget lacus. Mauris non dui','Chinese'),(85,'2018/05/09',370,'2020/12/25','eu','Chinese'),(86,'2018/07/22',279,'2019/01/13','nec ligula consectetuer rhoncus. Nullam velit dui, semper et, lacinia vitae, sodales at, velit. Pellentesque ultricies dignissim lacus. Aliquam rutrum lorem ac risus. Morbi metus. Vivamus euismod urna. Nullam lobortis quam a felis ullamcorper viverra. Maecenas iaculis aliquet','Russian'),(87,'2018/04/26',458,'2021/05/21','nec urna suscipit nonummy. Fusce fermentum fermentum arcu. Vestibulum ante ipsum primis in faucibus orci luctus et ultrices posuere cubilia Curae; Phasellus ornare. Fusce mollis. Duis sit amet diam eu dolor egestas rhoncus. Proin nisl sem, consequat nec, mollis vitae, posuere at, velit. Cras lorem lorem, luctus ut, pellentesque eget, dictum placerat, augue. Sed molestie. Sed id risus quis diam luctus lobortis. Class aptent taciti sociosqu ad litora torquent per conubia nostra, per inceptos hymenaeos. Mauris ut quam vel sapien','French'),(88,'2018/11/06',677,'2021/05/17','non arcu. Vivamus sit amet risus. Donec egestas. Aliquam nec enim. Nunc ut erat. Sed nunc est, mollis non, cursus non, egestas a, dui. Cras pellentesque. Sed dictum. Proin eget odio. Aliquam vulputate ullamcorper magna. Sed eu eros. Nam consequat dolor vitae dolor. Donec fringilla. Donec feugiat metus sit amet ante. Vivamus non lorem vitae odio sagittis semper. Nam tempor diam dictum sapien. Aenean massa. Integer vitae nibh. Donec est mauris, rhoncus id, mollis nec, cursus a, enim. Suspendisse aliquet, sem','Chinese'),(89,'2018/08/08',684,'2019/08/01','commodo auctor velit. Aliquam nisl. Nulla eu neque pellentesque massa lobortis ultrices. Vivamus rhoncus. Donec est. Nunc ullamcorper, velit in aliquet lobortis, nisi nibh lacinia orci, consectetuer euismod est arcu ac orci. Ut semper pretium neque. Morbi quis urna. Nunc quis arcu vel quam dignissim pharetra. Nam ac nulla. In tincidunt congue turpis. In condimentum. Donec at arcu. Vestibulum ante ipsum primis in faucibus orci luctus et ultrices','Arabic'),(90,'2018/02/07',605,'2021/10/30','felis eget varius ultrices, mauris ipsum porta elit, a feugiat tellus lorem eu metus. In lorem. Donec elementum, lorem ut aliquam iaculis, lacus pede sagittis augue, eu tempor erat neque non quam. Pellentesque habitant morbi tristique senectus et netus et malesuada fames ac','Japanese');
INSERT INTO Movie_Characteristics([characteristics_ID],[production_startday],[expected_days],[release_date],[description],[original_language]) VALUES(91,'2018/12/20',82,'2022/02/23','ridiculus mus. Donec dignissim magna a tortor. Nunc commodo auctor velit. Aliquam nisl. Nulla eu neque pellentesque massa lobortis ultrices. Vivamus rhoncus. Donec est. Nunc ullamcorper, velit in aliquet lobortis, nisi nibh lacinia orci, consectetuer euismod est arcu ac orci. Ut semper pretium neque. Morbi quis urna. Nunc quis arcu vel quam dignissim pharetra. Nam ac nulla. In tincidunt congue turpis. In condimentum. Donec at arcu. Vestibulum ante ipsum primis in faucibus orci luctus et ultrices posuere cubilia Curae; Donec tincidunt. Donec vitae erat vel pede blandit congue. In scelerisque scelerisque dui. Suspendisse ac metus vitae velit egestas lacinia. Sed congue, elit sed consequat auctor, nunc nulla vulputate dui, nec tempus mauris erat eget ipsum. Suspendisse sagittis. Nullam vitae diam. Proin dolor. Nulla semper tellus id','French'),(92,'2018/06/27',284,'2019/03/01','neque. Sed eget lacus. Mauris non dui nec urna suscipit nonummy. Fusce fermentum fermentum arcu. Vestibulum ante ipsum primis in faucibus orci luctus et','Portuguese'),(93,'2018/01/28',567,'2019/09/21','arcu eu odio tristique pharetra. Quisque ac libero nec ligula consectetuer rhoncus. Nullam velit dui, semper et, lacinia vitae, sodales at, velit. Pellentesque ultricies dignissim lacus. Aliquam rutrum lorem ac risus. Morbi','Portuguese'),(94,'2018/01/27',121,'2020/05/01','erat nonummy ultricies ornare, elit elit fermentum risus, at fringilla purus mauris a nunc. In at pede. Cras vulputate velit eu sem. Pellentesque ut ipsum ac mi eleifend egestas. Sed pharetra, felis eget varius ultrices, mauris ipsum porta elit, a feugiat tellus lorem eu metus. In lorem. Donec elementum, lorem ut aliquam iaculis, lacus pede sagittis augue, eu tempor erat neque non quam. Pellentesque habitant morbi tristique senectus et netus et malesuada fames ac turpis egestas. Aliquam fringilla cursus purus. Nullam scelerisque neque sed sem egestas blandit. Nam nulla magna, malesuada vel, convallis in, cursus et, eros. Proin ultrices. Duis volutpat nunc sit amet metus. Aliquam erat volutpat. Nulla facilisis. Suspendisse commodo tincidunt nibh. Phasellus nulla. Integer vulputate, risus a ultricies adipiscing, enim mi tempor lorem, eget mollis lectus pede et risus. Quisque libero','Russian'),(95,'2018/04/21',444,'2021/11/03','mi enim, condimentum eget, volutpat ornare, facilisis eget, ipsum. Donec sollicitudin adipiscing ligula. Aenean gravida nunc sed pede. Cum sociis natoque penatibus et magnis dis parturient montes, nascetur ridiculus mus. Proin vel arcu eu odio tristique pharetra. Quisque ac libero nec ligula consectetuer rhoncus. Nullam velit dui, semper et, lacinia vitae, sodales at, velit. Pellentesque ultricies dignissim lacus. Aliquam rutrum lorem ac risus. Morbi metus. Vivamus euismod urna. Nullam lobortis quam a felis ullamcorper viverra. Maecenas iaculis aliquet diam. Sed diam lorem, auctor quis, tristique ac, eleifend vitae, erat. Vivamus nisi. Mauris nulla. Integer urna. Vivamus molestie dapibus ligula. Aliquam erat volutpat. Nulla dignissim. Maecenas ornare egestas ligula. Nullam feugiat placerat velit. Quisque varius. Nam porttitor scelerisque neque. Nullam nisl. Maecenas malesuada fringilla est. Mauris eu turpis. Nulla aliquet. Proin velit. Sed malesuada augue ut lacus. Nulla tincidunt, neque vitae semper egestas, urna justo faucibus lectus, a sollicitudin orci sem eget massa. Suspendisse eleifend. Cras sed leo. Cras vehicula aliquet libero. Integer in magna. Phasellus dolor elit, pellentesque a, facilisis non, bibendum sed, est. Nunc laoreet lectus quis massa. Mauris vestibulum, neque sed dictum eleifend, nunc risus varius orci, in','Russian'),(96,'2018/06/23',301,'2021/01/26','lacinia at, iaculis quis, pede. Praesent eu dui. Cum sociis natoque penatibus et magnis dis parturient montes, nascetur ridiculus mus. Aenean eget magna. Suspendisse tristique neque venenatis lacus. Etiam bibendum fermentum metus. Aenean sed pede nec ante blandit viverra. Donec tempus, lorem fringilla ornare placerat, orci lacus vestibulum','Kannada'),(97,'2018/09/11',530,'2019/05/01','Quisque fringilla euismod enim. Etiam gravida molestie arcu. Sed eu nibh vulputate mauris sagittis placerat. Cras dictum ultricies ligula. Nullam enim. Sed nulla ante, iaculis nec, eleifend non, dapibus rutrum, justo. Praesent luctus. Curabitur egestas nunc sed libero. Proin sed turpis nec mauris blandit mattis. Cras eget nisi dictum augue malesuada malesuada. Integer id magna et ipsum cursus vestibulum. Mauris magna. Duis dignissim tempor arcu. Vestibulum ut eros non enim commodo hendrerit. Donec porttitor tellus non magna. Nam ligula elit, pretium et, rutrum non, hendrerit id, ante. Nunc mauris sapien, cursus in, hendrerit consectetuer, cursus et, magna. Praesent interdum ligula eu enim. Etiam imperdiet dictum magna. Ut tincidunt orci quis lectus. Nullam suscipit, est ac facilisis facilisis, magna tellus faucibus leo, in lobortis tellus justo sit amet nulla. Donec non justo. Proin non massa non ante bibendum ullamcorper. Duis cursus, diam at pretium aliquet, metus urna convallis erat, eget tincidunt dui augue eu tellus. Phasellus elit pede, malesuada vel, venenatis','Hindi'),(98,'2018/04/18',427,'2021/12/18','dolor sit amet, consectetuer adipiscing elit. Curabitur sed tortor. Integer aliquam adipiscing lacus. Ut nec urna et arcu imperdiet ullamcorper. Duis at lacus. Quisque purus sapien, gravida non, sollicitudin a, malesuada id, erat. Etiam vestibulum massa rutrum magna. Cras convallis convallis dolor. Quisque tincidunt pede ac urna. Ut tincidunt vehicula risus. Nulla eget metus eu erat semper rutrum. Fusce dolor quam, elementum at, egestas a, scelerisque sed, sapien. Nunc pulvinar arcu et pede. Nunc sed orci lobortis augue scelerisque mollis. Phasellus libero mauris, aliquam eu, accumsan sed, facilisis vitae, orci. Phasellus dapibus quam quis diam. Pellentesque habitant morbi tristique senectus et netus et malesuada fames ac turpis egestas. Fusce aliquet magna a neque. Nullam ut nisi a odio semper cursus. Integer mollis. Integer tincidunt aliquam arcu. Aliquam ultrices iaculis odio. Nam interdum enim non nisi. Aenean eget metus. In nec orci. Donec nibh. Quisque nonummy ipsum non arcu. Vivamus sit amet risus. Donec egestas. Aliquam nec enim. Nunc ut erat. Sed nunc est, mollis non, cursus non, egestas a, dui. Cras pellentesque. Sed dictum. Proin eget','Japanese'),(99,'2018/05/12',525,'2021/01/12','sed pede. Cum sociis natoque penatibus et magnis dis parturient montes, nascetur ridiculus mus. Proin','Dutch'),(100,'2018/02/26',437,'2019/03/15','velit. Quisque varius. Nam porttitor scelerisque neque. Nullam nisl. Maecenas malesuada fringilla est. Mauris eu turpis. Nulla aliquet. Proin velit. Sed malesuada augue ut lacus. Nulla tincidunt, neque vitae semper egestas, urna justo faucibus lectus, a sollicitudin orci sem eget massa. Suspendisse eleifend. Cras sed leo. Cras vehicula aliquet libero. Integer in magna. Phasellus dolor elit, pellentesque a, facilisis non, bibendum sed, est. Nunc laoreet lectus quis massa. Mauris vestibulum, neque sed dictum eleifend, nunc risus varius orci, in consequat enim diam vel arcu. Curabitur ut odio vel est tempor bibendum. Donec felis orci, adipiscing non, luctus sit amet, faucibus ut, nulla. Cras eu tellus eu augue porttitor interdum. Sed auctor odio a purus. Duis elementum, dui quis accumsan convallis, ante lectus convallis est, vitae sodales nisi magna sed dui. Fusce aliquam, enim nec tempus scelerisque, lorem ipsum sodales purus, in molestie tortor nibh sit amet orci. Ut sagittis lobortis mauris. Suspendisse aliquet','Polish');


--------------------------------

IF EXISTS(SELECT 1 FROM sys.tables WHERE object_id = OBJECT_ID('Title'))
BEGIN;
    DROP TABLE [Title];
END;
GO


CREATE TABLE [Title](
     [title] INTEGER,
	 [title_original] varchar(255),
	 [title_english] varchar(255),
	 PRIMARY KEY ([title]),
	FOREIGN KEY ([title]) REFERENCES Movie_Characteristics ([characteristics_ID])
	 );

INSERT INTO Title([title],[title_original],[title_english]) VALUES(1,'Nulla facilisi. Sed neque. Sed','porttitor eros nec'),(2,'faucibus leo, in lobortis tellus','et pede. Nunc'),(3,'Nulla facilisis. Suspendisse commodo tincidunt','massa lobortis ultrices.'),(4,'Donec felis orci, adipiscing non,','sit amet lorem'),(5,'natoque penatibus et magnis dis','non ante bibendum'),(6,'consectetuer euismod est arcu ac','ultricies ornare, elit'),(7,'volutpat. Nulla dignissim. Maecenas ornare','eu dolor egestas'),(8,'non, lacinia at, iaculis quis,','non, cursus non,'),(9,'dictum. Phasellus in felis. Nulla','nisl arcu iaculis'),(10,'iaculis, lacus pede sagittis augue,','velit. Aliquam nisl.');
INSERT INTO Title([title],[title_original],[title_english]) VALUES(11,'non, dapibus rutrum, justo. Praesent','nec mauris blandit'),(12,'id, ante. Nunc mauris sapien,','Suspendisse aliquet molestie'),(13,'nec luctus felis purus ac','dolor dapibus gravida.'),(14,'in, dolor. Fusce feugiat. Lorem','ante. Nunc mauris'),(15,'egestas. Fusce aliquet magna a','gravida. Praesent eu'),(16,'sem, vitae aliquam eros turpis','auctor velit. Aliquam'),(17,'a, enim. Suspendisse aliquet, sem','blandit viverra. Donec'),(18,'ut mi. Duis risus odio,','scelerisque dui. Suspendisse'),(19,'at, velit. Cras lorem lorem,','ante. Maecenas mi'),(20,'diam at pretium aliquet, metus','congue. In scelerisque');
INSERT INTO Title([title],[title_original],[title_english]) VALUES(21,'Donec consectetuer mauris id sapien.','elit sed consequat'),(22,'dictum mi, ac mattis velit','Integer id magna'),(23,'imperdiet dictum magna. Ut tincidunt','risus. Donec egestas.'),(24,'a, facilisis non, bibendum sed,','Mauris blandit enim'),(25,'sollicitudin commodo ipsum. Suspendisse non','amet ornare lectus'),(26,'odio vel est tempor bibendum.','velit. Pellentesque ultricies'),(27,'Morbi quis urna. Nunc quis','nulla at sem'),(28,'laoreet, libero et tristique pellentesque,','et arcu imperdiet'),(29,'vestibulum, neque sed dictum eleifend,','Donec est. Nunc'),(30,'aliquet molestie tellus. Aenean egestas','vitae, posuere at,');
INSERT INTO Title([title],[title_original],[title_english]) VALUES(31,'libero. Morbi accumsan laoreet ipsum.','tellus id nunc'),(32,'lorem eu metus. In lorem.','ultrices. Vivamus rhoncus.'),(33,'iaculis enim, sit amet ornare','nisl. Maecenas malesuada'),(34,'ligula. Donec luctus aliquet odio.','fames ac turpis'),(35,'Aliquam adipiscing lobortis risus. In','Nunc ut erat.'),(36,'sem elit, pharetra ut, pharetra','vulputate dui, nec'),(37,'Sed et libero. Proin mi.','diam dictum sapien.'),(38,'cursus luctus, ipsum leo elementum','mollis. Integer tincidunt'),(39,'nibh enim, gravida sit amet,','mus. Donec dignissim'),(40,'Sed nunc est, mollis non,','ligula consectetuer rhoncus.');
INSERT INTO Title([title],[title_original],[title_english]) VALUES(41,'facilisis eget, ipsum. Donec sollicitudin','nonummy ut, molestie'),(42,'ultrices sit amet, risus. Donec','semper egestas, urna'),(43,'est. Nunc ullamcorper, velit in','in consectetuer ipsum'),(44,'ipsum primis in faucibus orci','eget nisi dictum'),(45,'Donec tincidunt. Donec vitae erat','nunc risus varius'),(46,'vel pede blandit congue. In','commodo auctor velit.'),(47,'Aenean sed pede nec ante','auctor odio a'),(48,'sapien, gravida non, sollicitudin a,','dignissim magna a'),(49,'vel lectus. Cum sociis natoque','nonummy ultricies ornare,'),(50,'sed, facilisis vitae, orci. Phasellus','Nunc mauris. Morbi');
INSERT INTO Title([title],[title_original],[title_english]) VALUES(51,'nunc risus varius orci, in','dolor dolor, tempus'),(52,'urna convallis erat, eget tincidunt','Aenean eget metus.'),(53,'Suspendisse dui. Fusce diam nunc,','varius et, euismod'),(54,'orci, in consequat enim diam','imperdiet ornare. In'),(55,'faucibus. Morbi vehicula. Pellentesque tincidunt','non nisi. Aenean'),(56,'vehicula aliquet libero. Integer in','metus eu erat'),(57,'sit amet orci. Ut sagittis','cubilia Curae; Phasellus'),(58,'urna. Ut tincidunt vehicula risus.','montes, nascetur ridiculus'),(59,'leo elementum sem, vitae aliquam','ac mattis semper,'),(60,'turpis vitae purus gravida sagittis.','Phasellus fermentum convallis');
INSERT INTO Title([title],[title_original],[title_english]) VALUES(61,'aliquet magna a neque. Nullam','venenatis lacus. Etiam'),(62,'fermentum convallis ligula. Donec luctus','neque. Morbi quis'),(63,'tincidunt orci quis lectus. Nullam','adipiscing lobortis risus.'),(64,'aptent taciti sociosqu ad litora','ultrices. Duis volutpat'),(65,'eu tellus. Phasellus elit pede,','gravida non, sollicitudin'),(66,'Proin eget odio. Aliquam vulputate','a neque. Nullam'),(67,'vulputate dui, nec tempus mauris','Aliquam fringilla cursus'),(68,'eget, venenatis a, magna. Lorem','Cras eget nisi'),(69,'semper pretium neque. Morbi quis','Duis dignissim tempor'),(70,'et magnis dis parturient montes,','mollis. Integer tincidunt');
INSERT INTO Title([title],[title_original],[title_english]) VALUES(71,'diam lorem, auctor quis, tristique','Cum sociis natoque'),(72,'ac mattis semper, dui lectus','pellentesque. Sed dictum.'),(73,'at fringilla purus mauris a','Pellentesque ut ipsum'),(74,'risus. In mi pede, nonummy','faucibus leo, in'),(75,'sodales nisi magna sed dui.','posuere, enim nisl'),(76,'mauris. Morbi non sapien molestie','Proin ultrices. Duis'),(77,'accumsan laoreet ipsum. Curabitur consequat,','quam a felis'),(78,'Donec est mauris, rhoncus id,','leo. Cras vehicula'),(79,'auctor, velit eget laoreet posuere,','massa non ante'),(80,'lacus. Aliquam rutrum lorem ac','vulputate eu, odio.');
INSERT INTO Title([title],[title_original],[title_english]) VALUES(81,'sem. Pellentesque ut ipsum ac','primis in faucibus'),(82,'Nullam suscipit, est ac facilisis','risus. Nulla eget'),(83,'quis turpis vitae purus gravida','eget odio. Aliquam'),(84,'et magnis dis parturient montes,','at risus. Nunc'),(85,'ipsum leo elementum sem, vitae','montes, nascetur ridiculus'),(86,'Aenean sed pede nec ante','Nulla tincidunt, neque'),(87,'Proin mi. Aliquam gravida mauris','Curabitur egestas nunc'),(88,'malesuada fames ac turpis egestas.','tempor augue ac'),(89,'mollis vitae, posuere at, velit.','facilisis non, bibendum'),(90,'est mauris, rhoncus id, mollis','urna justo faucibus');
INSERT INTO Title([title],[title_original],[title_english]) VALUES(91,'vel pede blandit congue. In','fringilla, porttitor vulputate,'),(92,'sed sem egestas blandit. Nam','amet, consectetuer adipiscing'),(93,'montes, nascetur ridiculus mus. Proin','tempor diam dictum'),(94,'hymenaeos. Mauris ut quam vel','nascetur ridiculus mus.'),(95,'nec tempus scelerisque, lorem ipsum','amet massa. Quisque'),(96,'ut, molestie in, tempus eu,','sagittis placerat. Cras'),(97,'nascetur ridiculus mus. Donec dignissim','lacinia. Sed congue,'),(98,'feugiat placerat velit. Quisque varius.','neque non quam.'),(99,'Pellentesque ut ipsum ac mi','Donec consectetuer mauris'),(100,'fringilla. Donec feugiat metus sit','mollis vitae, posuere');


----------------------------------

select * from Title

---------------------------------
IF EXISTS(SELECT 1 FROM sys.tables WHERE object_id = OBJECT_ID('Categories'))
BEGIN;
    DROP TABLE [Categories];
END;
GO

CREATE TABLE [Categories] (
    [category_ID] INTEGER not NULL,
    [movie_ID] INTEGER not NULL,
    [category_Name] VARCHAR(255) not NULL,
	Primary Key([category_ID]),
    FOREIGN KEY ([movie_ID]) REFERENCES Movie ([Movie_ID])	
);
GO

INSERT INTO Categories([category_ID],[movie_ID],[category_Name]) VALUES(1,32,'slice-of-life'),(2,32,'sci-fi'),(3,46,'horror'),(4,10,'romance'),(5,48,'slice-of-life'),(6,24,'comedy'),(7,21,' action'),(8,39,' action'),(9,57,'thriller'),(10,15,'cartoon');
INSERT INTO Categories([category_ID],[movie_ID],[category_Name]) VALUES(11,58,'mystery'),(12,41,'drama'),(13,8,'horror'),(14,59,'drama'),(15,55,'anime'),(16,9,'western'),(17,23,'romance'),(18,22,'thriller'),(19,54,'drama'),(20,31,'anime');
INSERT INTO Categories([category_ID],[movie_ID],[category_Name]) VALUES(21,53,'mystery'),(22,18,'drama'),(23,60,'mystery'),(24,31,'thriller'),(25,52,' action'),(26,60,'drama'),(27,7,'mystery'),(28,14,'anime'),(29,5,'mystery'),(30,51,'anime');
INSERT INTO Categories([category_ID],[movie_ID],[category_Name]) VALUES(31,4,'comedy'),(32,46,'sci-fi'),(33,41,'fantasy'),(34,44,' action'),(35,17,'anime'),(36,47,'mystery'),(37,16,'comedy'),(38,37,'fantasy'),(39,47,' action'),(40,48,'slice-of-life');
INSERT INTO Categories([category_ID],[movie_ID],[category_Name]) VALUES(41,59,'slice-of-life'),(42,54,'anime'),(43,60,'romance'),(44,44,'sci-fi'),(45,22,'drama'),(46,13,'horror'),(47,35,'drama'),(48,30,'anime'),(49,17,'western'),(50,28,' action');
INSERT INTO Categories([category_ID],[movie_ID],[category_Name]) VALUES(51,56,'mystery'),(52,32,'drama'),(53,24,'drama'),(54,51,'drama'),(55,16,'drama'),(56,3,'romance'),(57,57,'anime'),(58,11,'slice-of-life'),(59,20,'mystery'),(60,15,'sci-fi');
INSERT INTO Categories([category_ID],[movie_ID],[category_Name]) VALUES(61,45,'romance'),(62,15,'mystery'),(63,53,'comedy'),(64,20,'comedy'),(65,53,'western'),(66,40,'comedy'),(67,4,'western'),(68,6,'sci-fi'),(69,26,' action'),(70,33,'drama');
INSERT INTO Categories([category_ID],[movie_ID],[category_Name]) VALUES(71,12,'romance'),(72,12,'horror'),(73,3,'cartoon'),(74,56,'slice-of-life'),(75,12,'thriller'),(76,18,'slice-of-life'),(77,43,'western'),(78,22,'horror'),(79,16,'horror'),(80,28,'horror');
INSERT INTO Categories([category_ID],[movie_ID],[category_Name]) VALUES(81,56,'cartoon'),(82,11,'cartoon'),(83,14,'horror'),(84,32,'romance'),(85,4,'slice-of-life'),(86,11,'sci-fi'),(87,20,'sci-fi'),(88,37,'fantasy'),(89,4,'anime'),(90,5,'fantasy');
INSERT INTO Categories([category_ID],[movie_ID],[category_Name]) VALUES(91,8,'mystery'),(92,15,'comedy'),(93,26,'cartoon'),(94,25,'mystery'),(95,11,'sci-fi'),(96,41,'comedy'),(97,17,'sci-fi'),(98,52,' action'),(99,48,'anime'),(100,37,'thriller');

select * from Categories

---------


IF EXISTS(SELECT 1 FROM sys.tables WHERE object_id = OBJECT_ID('Age_Category'))
BEGIN;
    DROP TABLE [Age_Category];
END;
GO

CREATE TABLE [Age_Category] (
    [age_category_ID] INTEGER not NULL,
    [restriction_color] VARCHAR(255) not NULL
	Primary key (age_category_ID)
	Foreign key (age_category_ID) References Movie (movie_ID)
	Constraint chk_restriction_color CHECK ([restriction_color] in ('green','yellow','red'))

);
GO

INSERT INTO Age_Category([age_category_ID],[restriction_color]) VALUES(1,'red'),(2,'red'),(3,'green'),(4,'yellow'),(5,'green'),(6,'red'),(7,'green'),(8,'yellow'),(9,'yellow'),(10,'red');
INSERT INTO Age_Category([age_category_ID],[restriction_color]) VALUES(11,'red'),(12,'yellow'),(13,'red'),(14,'red'),(15,'red'),(16,'green'),(17,'red'),(18,'yellow'),(19,'yellow'),(20,'green');
INSERT INTO Age_Category([age_category_ID],[restriction_color]) VALUES(21,'yellow'),(22,'green'),(23,'green'),(24,'red'),(25,'yellow'),(26,'yellow'),(27,'green'),(28,'red'),(29,'red'),(30,'yellow');
INSERT INTO Age_Category([age_category_ID],[restriction_color]) VALUES(31,'yellow'),(32,'green'),(33,'yellow'),(34,'yellow'),(35,'red'),(36,'red'),(37,'yellow'),(38,'green'),(39,'yellow'),(40,'green');
INSERT INTO Age_Category([age_category_ID],[restriction_color]) VALUES(41,'red'),(42,'red'),(43,'yellow'),(44,'green'),(45,'yellow'),(46,'red'),(47,'red'),(48,'green'),(49,'red'),(50,'yellow');
INSERT INTO Age_Category([age_category_ID],[restriction_color]) VALUES(51,'green'),(52,'yellow'),(53,'yellow'),(54,'green'),(55,'red'),(56,'red'),(57,'green'),(58,'yellow'),(59,'yellow'),(60,'yellow');
INSERT INTO Age_Category([age_category_ID],[restriction_color]) VALUES(61,'yellow'),(62,'yellow'),(63,'red'),(64,'yellow'),(65,'red'),(66,'red'),(67,'red'),(68,'green'),(69,'yellow'),(70,'green');
INSERT INTO Age_Category([age_category_ID],[restriction_color]) VALUES(71,'green'),(72,'red'),(73,'green'),(74,'green'),(75,'green'),(76,'yellow'),(77,'green'),(78,'yellow'),(79,'red'),(80,'yellow');
INSERT INTO Age_Category([age_category_ID],[restriction_color]) VALUES(81,'red'),(82,'red'),(83,'yellow'),(84,'red'),(85,'green'),(86,'yellow'),(87,'green'),(88,'yellow'),(89,'green'),(90,'red');
INSERT INTO Age_Category([age_category_ID],[restriction_color]) VALUES(91,'yellow'),(92,'green'),(93,'green'),(94,'yellow'),(95,'green'),(96,'yellow'),(97,'red'),(98,'yellow'),(99,'yellow'),(100,'yellow');


/*select title_original,restriction_color from Title
join Movie_Characteristics on characteristics_ID=title
join Age_Category on age_category_ID=characteristics_ID
join Movie on movie_ID=age_category_ID
where restriction_color='green';


select * from Title   
begin transaction
update Age_Category
set restriction_color='white'
where age_category_ID=1
rollback transaction*/

------------------------------------------------------------

IF EXISTS(SELECT 1 FROM sys.tables WHERE object_id = OBJECT_ID('Actor'))
BEGIN;
    DROP TABLE [Actor];
END;
GO


CREATE TABLE [Actor] (
    [ActorID] INTEGER not NULL IDENTITY(1, 1),
    [role] VARCHAR(255) NULL,
    [creator_ID] INTEGER not  NULL,
	PRIMARY KEY ([creator_ID]),
	Foreign Key ([creator_ID]) references Creator ([creator_ID]),
	Constraint chk_restriction_role CHECK ([role] in ('actor','actress'))
   
);
GO

INSERT INTO Actor([role],[creator_ID]) VALUES('actor',1),('actress',2),('actress',3),('actress',4),('actor',5),('actor',6),('actress',7),('actor',8),('actor',9),('actress',10);
INSERT INTO Actor([role],[creator_ID]) VALUES('actor',11),('actress',12),('actor',13),('actress',14),('actress',15),('actor',16),('actor',17),('actress',18),('actress',19),('actor',20);
INSERT INTO Actor([role],[creator_ID]) VALUES('actor',21),('actor',22),('actress',23),('actor',24),('actress',25),('actress',26),('actress',27),('actor',28),('actor',29),('actress',30);
INSERT INTO Actor([role],[creator_ID]) VALUES('actress',31),('actress',32),('actress',33),('actress',34),('actress',35),('actress',36),('actress',37),('actor',38),('actor',39),('actress',40);
INSERT INTO Actor([role],[creator_ID]) VALUES('actress',41),('actress',42),('actress',43),('actor',44),('actor',45),('actress',46),('actor',47),('actor',48),('actor',49),('actor',50);
-----------------------------------------------------------------------

IF EXISTS(SELECT 1 FROM sys.tables WHERE object_id = OBJECT_ID('Creator'))
BEGIN;
    DROP TABLE [Creator];
END;
GO

CREATE TABLE [Creator] (
    [creator_ID] INTEGER NOT NULL IDENTITY(1, 1),
    [name] VARCHAR(255) not NULL,
    [surname] VARCHAR(255) not NULL,
    [phone_number] VARCHAR(100) not NULL,
    [email] VARCHAR(255) not NULL,
	
    PRIMARY KEY ([creator_ID])
);
GO

/*ALTER TABLE Creator
DROP COLUMN job_title
Alter table [Creator]
add job_title varchar(255);

select * from Creator




UPDATE Creator
   SET Creator.[job_title] = Actor.role
   FROM Creator INNER JOIN Actor ON Actor.creator_ID= Creator.creator_ID

  UPDATE Creator
   SET Creator.[job_title] = Director.role
   FROM Creator INNER JOIN Director ON Director.creator_ID= Creator.creator_ID*/


INSERT INTO Creator([name],[surname],[phone_number],[email]) VALUES('Timon','Burke','(046) 94227024','eu.odio.Phasellus@Aeneaneuismodmauris.org'),('Noelani','Stanton','(086) 38882369','neque@velsapien.org'),('Lucian','Mcknight','(069) 27239413','vestibulum.neque.sed@at.com'),('Rosalyn','Ferguson','(045) 24916765','ipsum.sodales.purus@ornare.co.uk'),('Edward','Terry','(076) 33197542','parturient@tempuslorem.edu'),('Lois','Evans','(042) 94844003','mi.eleifend.egestas@semPellentesque.co.uk'),('Vance','Gross','(000) 08197942','montes.nascetur.ridiculus@mollis.com'),('Martina','Brock','(061) 66092221','nec.tellus.Nunc@non.ca'),('Jeremy','Gross','(098) 08669724','erat.eget.tincidunt@justofaucibuslectus.com'),('Clare','Howard','(093) 86409432','ut.dolor.dapibus@consequatdolor.ca');
INSERT INTO Creator([name],[surname],[phone_number],[email]) VALUES('Hedda','Booker','(065) 06375787','consequat.enim@semper.com'),('Sloane','Estrada','(045) 39026437','ipsum.Curabitur.consequat@Curabitur.co.uk'),('Lavinia','Jordan','(070) 84362044','cursus.vestibulum.Mauris@tristiquesenectus.net'),('Aurelia','Higgins','(012) 85765126','adipiscing.lacus@primisin.org'),('Simon','Hurley','(069) 82122622','ipsum@perconubia.com'),('Nichole','Sanford','(022) 35323336','tellus@Integerurna.com'),('Yoko','Lambert','(058) 72080961','elementum.lorem@Sed.ca'),('Rae','Stein','(059) 10166441','vulputate@Namporttitor.com'),('Lysandra','Suarez','(008) 88889843','diam@tincidunt.ca'),('Dustin','Holland','(027) 46241659','consectetuer@velarcu.com');
INSERT INTO Creator([name],[surname],[phone_number],[email]) VALUES('Ian','Sawyer','(031) 58642102','dolor.Fusce.feugiat@faucibusorci.net'),('Acton','Watkins','(098) 75909225','adipiscing.ligula.Aenean@odio.edu'),('Aidan','Walker','(072) 38685337','libero@in.ca'),('Cullen','Schneider','(049) 83029708','tincidunt@ligula.net'),('Amber','Glass','(093) 49310423','auctor.non@diamluctuslobortis.net'),('Lewis','Black','(039) 24845691','ipsum@Duisami.edu'),('Brennan','Stark','(058) 96781655','nascetur.ridiculus.mus@eueleifendnec.edu'),('Kadeem','Christian','(030) 72410360','dui.Fusce@enimcommodo.net'),('Buffy','Peterson','(056) 77976110','Donec.est.Nunc@Integeraliquam.ca'),('Hanae','Bray','(015) 98893441','sociis@Duis.edu');
INSERT INTO Creator([name],[surname],[phone_number],[email]) VALUES('Gail','Jefferson','(079) 06794916','ut.nulla@laciniavitaesodales.com'),('Lucas','Kent','(020) 10183242','In.nec@necanteblandit.com'),('Brian','Bender','(039) 07202037','Phasellus.libero@Aenean.edu'),('Neville','Mcclain','(088) 86328385','Proin@ultricesiaculis.org'),('Erin','Cotton','(083) 42978096','vulputate@amalesuadaid.co.uk'),('Porter','Conway','(099) 59152807','massa@lectus.co.uk'),('Yael','Barrett','(086) 76787585','interdum.Curabitur@nasceturridiculusmus.ca'),('Kirestin','Valenzuela','(012) 35373059','faucibus@vel.co.uk'),('Cairo','Joseph','(082) 56742893','non.ante@Duisdignissimtempor.edu'),('Octavius','Bryant','(092) 51598929','nonummy@musDonecdignissim.ca');
INSERT INTO Creator([name],[surname],[phone_number],[email]) VALUES('Rashad','Sargent','(088) 14315247','montes.nascetur@vulputatelacusCras.co.uk'),('Reese','Barnett','(039) 07309960','Fusce.fermentum.fermentum@sitametorci.org'),('Jameson','Valentine','(012) 27810856','hendrerit.consectetuer.cursus@condimentumDonec.com'),('Levi','Duffy','(060) 62298448','Quisque.ac@Phasellus.com'),('Carol','Matthews','(077) 47819743','fringilla@Nullamvitae.ca'),('Scarlet','Phelps','(054) 86531285','aliquet.odio@mattis.ca'),('Chandler','Ayers','(041) 13850499','dapibus@magna.co.uk'),('Chava','Cooper','(009) 53116266','a.felis@velarcu.com'),('Conan','French','(029) 04375789','Vivamus.rhoncus@gravidamolestiearcu.ca'),('Tucker','Key','(005) 14673996','ut@vehiculaaliquet.edu');
INSERT INTO Creator([name],[surname],[phone_number],[email]) VALUES('Lee','Sims','(090) 70157623','id.ante.dictum@suscipit.net'),('Tiger','Finch','(015) 93696568','Fusce.mollis.Duis@pharetranibh.net'),('Tanisha','Cochran','(067) 32902611','dictum@eterosProin.net'),('Arsenio','Chen','(024) 44156179','libero.Donec.consectetuer@magna.ca'),('Phyllis','Rosales','(069) 36951672','enim.mi.tempor@necante.ca'),('Wilma','Mendez','(072) 69021868','augue@utlacus.ca'),('Rigel','Becker','(055) 26092918','auctor.Mauris.vel@egestas.co.uk'),('Plato','Puckett','(030) 79718990','eu@orci.com'),('Xenos','Mcmillan','(011) 57444390','Proin.eget@diam.org'),('May','Hines','(022) 40737281','sed.facilisis.vitae@eros.net');
INSERT INTO Creator([name],[surname],[phone_number],[email]) VALUES('Ronan','Pace','(020) 10320469','sed.sem@FuscemollisDuis.org'),('Madison','Kennedy','(082) 63626955','elit@non.net'),('Chava','Harmon','(056) 43191850','tincidunt.aliquam@ultricies.net'),('Keith','Little','(037) 36205003','Ut.tincidunt.vehicula@commodoipsumSuspendisse.ca'),('Chaim','Parsons','(098) 21316496','ligula@iaculis.ca'),('Vladimir','Gill','(072) 32080757','lacus.Quisque.imperdiet@sapien.net'),('MacKensie','Mcguire','(030) 02758268','fringilla@tristiqueac.co.uk'),('Steven','Quinn','(029) 50599313','convallis@gravidamaurisut.com'),('Odysseus','Munoz','(028) 32960953','semper.tellus.id@felis.edu'),('Kalia','Hanson','(042) 66451349','scelerisque.lorem@egestasSedpharetra.org');
INSERT INTO Creator([name],[surname],[phone_number],[email]) VALUES('Lael','Lyons','(026) 06682284','ultrices.mauris@facilisisnonbibendum.edu'),('Declan','Washington','(046) 32413335','est@Morbi.ca'),('Curran','Villarreal','(051) 26787622','venenatis.vel.faucibus@miac.org'),('Trevor','Alvarado','(060) 09255319','vulputate.lacus.Cras@convallis.org'),('Shay','Carter','(064) 82117192','In.scelerisque.scelerisque@odiotristiquepharetra.com'),('Rooney','Bass','(043) 65666365','metus@loremutaliquam.edu'),('Burton','Wilson','(083) 61172337','vitae.erat.vel@quam.net'),('Jamal','Dickerson','(049) 96249402','Integer@tincidunttempus.org'),('Candace','Stuart','(097) 55733306','magna.sed.dui@ametorci.net'),('Tana','Sears','(016) 29565955','lectus@iaculisquis.com');
INSERT INTO Creator([name],[surname],[phone_number],[email]) VALUES('Brian','Kerr','(084) 82096669','Sed@purus.co.uk'),('Hannah','Guerra','(035) 95040034','a@ultricesaauctor.net'),('Nathaniel','Mcintyre','(045) 48257146','Integer.vitae.nibh@auguescelerisquemollis.co.uk'),('Jessamine','Stevenson','(087) 63725796','euismod@tellus.com'),('Evelyn','Underwood','(079) 34458480','consequat.purus.Maecenas@nislarcu.org'),('Bethany','Mcfadden','(082) 67574800','lorem@mauris.edu'),('Charity','Watson','(041) 93949962','tristique.pharetra@magna.org'),('Zahir','Riddle','(066) 14097898','molestie.arcu@cursusNuncmauris.com'),('Basil','Baird','(041) 84491706','dolor@iaculisodioNam.org'),('Chancellor','Russo','(008) 98531070','auctor.vitae@egestasAliquam.edu');
INSERT INTO Creator([name],[surname],[phone_number],[email]) VALUES('Upton','Lott','(043) 41628969','lacus@diam.com'),('Orli','York','(063) 35620577','dictum.Phasellus.in@turpisnecmauris.co.uk'),('Brennan','Walton','(086) 90512072','sapien@adipiscingMaurismolestie.edu'),('Craig','Bowers','(073) 07265203','malesuada@Cumsociis.edu'),('Patrick','Carroll','(043) 56385086','ultrices.mauris.ipsum@arcuVivamussit.edu'),('Sebastian','Hurst','(059) 30412223','nunc.nulla.vulputate@vel.co.uk'),('Macaulay','Fernandez','(093) 44866736','gravida@odiosagittissemper.edu'),('Dustin','Dudley','(049) 67122881','justo.Praesent@dictum.edu'),('Christopher','Trevino','(063) 23970363','odio.sagittis@arcuvelquam.ca'),('Kamal','Rush','(066) 35430971','nibh.vulputate@sit.edu');
--------------------------------------------------------------------------------------------------------------------------

IF EXISTS(SELECT 1 FROM sys.tables WHERE object_id = OBJECT_ID('Job'))
BEGIN;
    DROP TABLE [Job];
END

Create Table [Job](
[creator_ID] int not null ,
[job_ID] int not null,
[function] varchar(200)  null,
Primary key(job_ID),
Foreign key (creator_ID) references Creator (creator_ID)
);

INSERT INTO Job([creator_ID],[function],[job_ID]) VALUES(11,'cinematographer',1),(23,'actor',2),(6,'producer',3),(6,'producer',4),(24,'Editor',5),(29,'producer',6),(16,'screen director',7),(14,'screen director',8),(13,'director',9),(25,'costume designer',10);
INSERT INTO Job([creator_ID],[function],[job_ID]) VALUES(24,'Editor',11),(30,'music composer',12),(7,'screen director',13),(24,'actress',14),(14,'director',15),(22,'actress',16),(10,'music composer',17),(13,'costume designer',18),(4,'music composer',19),(28,'music composer',20);
INSERT INTO Job([creator_ID],[function],[job_ID]) VALUES(12,'screen director',21),(30,'actor',22),(13,'producer',23),(21,'director',24),(27,'actress',25),(14,'screen director',26),(21,'producer',27),(8,'screen director',28),(8,'art director',29),(2,'music composer',30);
INSERT INTO Job([creator_ID],[function],[job_ID]) VALUES(5,'cinematographer',31),(26,'music composer',32),(19,'music composer',33),(1,'producer',34),(15,'screen director',35),(27,'producer',36),(3,'music composer',37),(12,'cinematographer',38),(12,'director',39),(1,'art director',40);
INSERT INTO Job([creator_ID],[function],[job_ID]) VALUES(4,'cinematographer',41),(11,'actress',42),(24,'director',43),(15,'Editor',44),(2,'producer',45),(17,'actress',46),(5,'costume designer',47),(13,'producer',48),(1,'screen director',49),(17,'Editor',50);
INSERT INTO Job([creator_ID],[function],[job_ID]) VALUES(11,'producer',51),(26,'actor',52),(27,'costume designer',53),(17,'screen director',54),(9,'director',55),(29,'Editor',56),(19,'director',57),(18,'art director',58),(4,'art director',59),(10,'music composer',60);
INSERT INTO Job([creator_ID],[function],[job_ID]) VALUES(23,'producer',61),(26,'Editor',62),(17,'cinematographer',63),(15,'director',64),(29,'cinematographer',65),(24,'actor',66),(21,'Editor',67),(20,'art director',68),(28,'actress',69),(26,'costume designer',70);
INSERT INTO Job([creator_ID],[function],[job_ID]) VALUES(1,'music composer',71),(19,'producer',72),(27,'screen director',73),(12,'music composer',74),(14,'actor',75),(2,'cinematographer',76),(2,'screen director',77),(8,'Editor',78),(3,'Editor',79),(10,'cinematographer',80);
INSERT INTO Job([creator_ID],[function],[job_ID]) VALUES(10,'costume designer',81),(30,'actress',82),(6,'cinematographer',83),(17,'music composer',84),(30,'actress',85),(21,'screen director',86),(12,'actor',87),(29,'screen director',88),(20,'cinematographer',89),(8,'music composer',90);
INSERT INTO Job([creator_ID],[function],[job_ID]) VALUES(4,'music composer',91),(14,'producer',92),(15,'art director',93),(27,'music composer',94),(10,'actress',95),(29,'actress',96),(1,'producer',97),(19,'costume designer',98),(13,'director',99),(1,'costume designer',100);



IF EXISTS(SELECT 1 FROM sys.tables WHERE object_id = OBJECT_ID('Director'))
BEGIN;
    DROP TABLE [Director];
END;
GO

IF EXISTS(SELECT 1 FROM sys.tables WHERE object_id = OBJECT_ID('Director'))
BEGIN;
    DROP TABLE [Director];
END;
GO

CREATE TABLE [Director] (
    [DirectorID] INTEGER NOT NULL IDENTITY(1, 1),
    [role] VARCHAR(255) NULL,
    [creator_ID] INTEGER not NULL,
    PRIMARY KEY ([creator_ID]),
	Foreign Key ([creator_ID]) references Creator ([creator_ID]),
	Constraint chk_restriction_role CHECK ([role] in ('director'))
);
GO

INSERT INTO Director([role],[creator_ID]) VALUES('director',51),('director',52),('director',53),('director',54),('director',55),('director',56),('director',57),('director',58),('director',59),('director',60);
INSERT INTO Director([role],[creator_ID]) VALUES('director',61),('director',62),('director',63),('director',64),('director',65),('director',66),('director',67),('director',68),('director',69),('director',70);
INSERT INTO Director([role],[creator_ID]) VALUES('director',71),('director',72),('director',73),('director',74),('director',75),('director',76),('director',77),('director',78),('director',79),('director',80);
INSERT INTO Director([role],[creator_ID]) VALUES('director',81),('director',82),('director',83),('director',84),('director',85),('director',86),('director',87),('director',88),('director',89),('director',90);
INSERT INTO Director([role],[creator_ID]) VALUES('director',91),('director',92),('director',93),('director',94),('director',95),('director',96),('director',97),('director',98),('director',99),('director',100);
-------------------------------------------


IF EXISTS(SELECT 1 FROM sys.tables WHERE object_id = OBJECT_ID('Movie_Cast'))
BEGIN;
    DROP TABLE [Movie_Cast];
END;
Create Table [Movie_Cast](
[movie_ID] int not null ,
[actor_ID] int not null,
[character_name] VARCHAR(255) NULL,
Foreign key (actor_ID) references Actor (creator_ID),
Foreign key (movie_ID) references Movie (movie_ID)
);

INSERT INTO Movie_Cast([actor_ID],[movie_ID],[character_name]) VALUES(22,9,'Chief Broken Macaw'),(26,6,'Gigi Lamour'),(41,3,'The Rapid Wolfman'),(48,1,'Poppy Lerry'),(19,4,'Phara Waye'),(25,4,'Aster Starr'),(12,3,'The Fire Gladiator'),(24,9,'The Incredible Shadow'),(47,6,'Lord Earth Illusionist'),(14,9,'Agent Silver Shade');
INSERT INTO Movie_Cast([actor_ID],[movie_ID],[character_name]) VALUES(40,10,'Lord Earth Illusionist'),(22,10,'Wi-Fire'),(17,9,'Elle Lure '),(12,3,'Agent Silver Shade'),(11,3,'The Incredible Shadow'),(14,7,'Chief Broken Macaw'),(12,3,'Deedee Cation'),(16,9,'Elle Lure '),(12,3,'Gigi Lamour'),(14,9,'Rose Bouquet');
INSERT INTO Movie_Cast([actor_ID],[movie_ID],[character_name]) VALUES(42,3,'Agent Silver Shade'),(26,2,'The Fire Gladiator'),(26,1,'Elle Lure '),(16,4,'The Fire Gladiator'),(40,8,'Elle Lure '),(15,2,'Wi-Fire'),(1,2,'The Incredible Shadow'),(47,5,'The Whispering Spectacle'),(46,10,'Temma Tation'),(33,1,'Water Amazon');
INSERT INTO Movie_Cast([actor_ID],[movie_ID],[character_name]) VALUES(2,10,'Chief Broken Macaw'),(44,6,'Deedee Cation'),(17,3,'Wi-Fire'),(25,6,'Sarah Pentine'),(15,1,'The Rapid Wolfman'),(15,3,'Gigi Lamour'),(27,4,'The Incredible Shadow'),(4,4,'Lord Earth Illusionist'),(25,6,'Wi-Fire'),(9,7,'Lord Earth Illusionist');
INSERT INTO Movie_Cast([actor_ID],[movie_ID],[character_name]) VALUES(2,8,'Aster Starr'),(23,7,'Temma Tation'),(24,7,'Temma Tation'),(30,5,'Poppy Lerry'),(47,3,'Gigi Lamour'),(37,3,'Phara Waye'),(4,4,'Rose Bouquet'),(9,7,'Aster Starr'),(45,8,'Gigi Rand'),(3,4,'Wi-Fire');
INSERT INTO Movie_Cast([actor_ID],[movie_ID],[character_name]) VALUES(39,6,'Silver Shield'),(15,3,'Chief Broken Macaw'),(42,4,'Chief Broken Macaw'),(11,1,'Gigi Rand'),(35,4,'Lord Earth Illusionist'),(46,4,'Sarah Pentine'),(22,9,'The Rapid Wolfman'),(20,6,'Gigi Rand'),(37,9,'Temma Tation'),(27,4,'Agent Silver Shade');
INSERT INTO Movie_Cast([actor_ID],[movie_ID],[character_name]) VALUES(27,6,'Phara Waye'),(15,3,'Silver Shield'),(40,8,'The Rapid Wolfman'),(48,3,'Wi-Fire'),(45,9,'Water Amazon'),(16,7,'The Incredible Shadow'),(11,5,'Temma Tation'),(6,2,'Water Amazon'),(44,9,'Poppy Lerry'),(43,10,'Elle Lure ');
INSERT INTO Movie_Cast([actor_ID],[movie_ID],[character_name]) VALUES(34,6,'Lord Earth Illusionist'),(28,1,'Deedee Cation'),(1,3,'Sarah Pentine'),(17,8,'Sarah Pentine'),(9,10,'Rose Bouquet'),(27,8,'Temma Tation'),(47,10,'Water Amazon'),(31,3,'Gigi Rand'),(23,3,'Poppy Lerry'),(29,9,'Gigi Rand');
INSERT INTO Movie_Cast([actor_ID],[movie_ID],[character_name]) VALUES(21,6,'Aster Starr'),(43,9,'The Incredible Shadow'),(45,7,'Rose Bouquet'),(13,8,'The Incredible Shadow'),(11,9,'Sarah Pentine'),(46,9,'Sarah Pentine'),(21,2,'Poppy Lerry'),(6,8,'Agent Silver Shade'),(47,9,'Gigi Rand'),(47,7,'Water Amazon');
INSERT INTO Movie_Cast([actor_ID],[movie_ID],[character_name]) VALUES(37,6,'Chief Broken Macaw'),(31,4,'Gigi Lamour'),(41,9,'Lord Earth Illusionist'),(42,4,'The Whispering Spectacle'),(22,7,'Sarah Pentine'),(10,9,'Aster Starr'),(23,9,'Sarah Pentine'),(37,1,'Deedee Cation'),(27,4,'Aster Starr'),(1,8,'Gigi Lamour');


------------------------------------------------------
Create Table [Creator_Cast](
[movie_ID] int not null ,
[creator_ID] int not null,
Foreign key (creator_ID) references Creator (creator_ID),
Foreign key (movie_ID) references Movie (movie_ID)

);
INSERT INTO Creator_Cast([creator_ID],[movie_ID]) VALUES(14,6),(23,9),(44,9),(78,10),(35,7),(31,5),(4,7),(87,6),(87,1),(34,5);
INSERT INTO Creator_Cast([creator_ID],[movie_ID]) VALUES(18,5),(89,2),(78,5),(69,6),(38,6),(14,4),(52,2),(97,10),(54,4),(87,1);
INSERT INTO Creator_Cast([creator_ID],[movie_ID]) VALUES(14,3),(98,2),(18,9),(13,5),(75,3),(66,6),(30,1),(17,4),(3,6),(5,9);
INSERT INTO Creator_Cast([creator_ID],[movie_ID]) VALUES(4,1),(45,1),(41,4),(46,6),(67,6),(32,1),(68,3),(50,6),(73,9),(47,4);
INSERT INTO Creator_Cast([creator_ID],[movie_ID]) VALUES(1,1),(5,7),(56,6),(62,10),(93,8),(5,7),(24,8),(35,8),(16,9),(72,1);
INSERT INTO Creator_Cast([creator_ID],[movie_ID]) VALUES(2,4),(2,3),(86,3),(48,8),(9,10),(95,1),(17,4),(7,3),(58,2),(60,2);
INSERT INTO Creator_Cast([creator_ID],[movie_ID]) VALUES(43,10),(64,6),(85,8),(95,6),(10,6),(56,6),(54,10),(1,10),(58,3),(24,2);
INSERT INTO Creator_Cast([creator_ID],[movie_ID]) VALUES(17,10),(55,4),(23,8),(47,4),(65,10),(32,8),(38,1),(8,4),(83,10),(36,2);
INSERT INTO Creator_Cast([creator_ID],[movie_ID]) VALUES(58,7),(11,2),(47,3),(89,2),(94,10),(65,1),(8,2),(96,8),(62,10),(80,5);
INSERT INTO Creator_Cast([creator_ID],[movie_ID]) VALUES(3,8),(4,7),(16,5),(68,5),(56,9),(57,10),(27,3),(46,7),(52,5),(56,10);


IF EXISTS(SELECT 1 FROM sys.tables WHERE object_id = OBJECT_ID('Movie_Direction'))
BEGIN;
    DROP TABLE [Movie_Direction];
END;

Create Table [Movie_Direction](
[movie_ID] int not null ,
[director_ID] int not null,
Foreign key (director_ID) references Director (creator_ID),
Foreign key (movie_ID) references Movie (movie_ID)
);

INSERT INTO Movie_Direction([director_ID],[movie_ID]) VALUES(94,9),(58,1),(86,8),(55,8),(86,2),(72,2),(57,7),(98,3),(68,4),(70,6);
INSERT INTO Movie_Direction([director_ID],[movie_ID]) VALUES(76,9),(77,9),(80,8),(73,7),(71,2),(70,1),(74,8),(65,6),(59,3),(82,5);
INSERT INTO Movie_Direction([director_ID],[movie_ID]) VALUES(90,10),(82,6),(85,4),(89,9),(84,5),(90,7),(75,5),(80,2),(73,2),(75,6);
INSERT INTO Movie_Direction([director_ID],[movie_ID]) VALUES(71,3),(69,9),(58,2),(51,3),(62,3),(63,7),(65,2),(71,9),(93,4),(63,3);
INSERT INTO Movie_Direction([director_ID],[movie_ID]) VALUES(85,7),(61,6),(79,5),(65,4),(58,5),(51,5),(76,4),(52,4),(90,1),(83,5);
INSERT INTO Movie_Direction([director_ID],[movie_ID]) VALUES(63,1),(54,5),(57,7),(74,5),(87,10),(94,1),(65,3),(53,2),(96,2),(85,5);
INSERT INTO Movie_Direction([director_ID],[movie_ID]) VALUES(90,6),(84,9),(67,1),(75,2),(57,2),(100,7),(93,1),(96,10),(95,3),(76,8);
INSERT INTO Movie_Direction([director_ID],[movie_ID]) VALUES(60,10),(70,4),(63,7),(60,1),(60,5),(57,6),(91,3),(79,9),(73,5),(52,10);
INSERT INTO Movie_Direction([director_ID],[movie_ID]) VALUES(96,9),(76,3),(62,9),(82,6),(90,7),(51,9),(59,8),(87,8),(88,3),(79,10);
INSERT INTO Movie_Direction([director_ID],[movie_ID]) VALUES(92,6),(92,9),(93,2),(69,7),(59,10),(83,2),(91,7),(98,3),(75,2),(58,5);


-------------------------------------------------------------------------------------------------------